COU,Country,IND,Indicator,SEX,Sex,AGE,Age Group,TIME,Time,Unit Code,Unit,PowerCode Code,PowerCode,Reference Period Code,Reference Period,Value,Flag Codes,Flags
SVN,Slovenia,EMP17,Female share of seats in national parliaments,WOMEN,Women,TOTAL,Total,2014,2014,,,0,Units,,,35.6,,
GRC,Greece,EMP17,Female share of seats in national parliaments,WOMEN,Women,TOTAL,Total,2014,2014,,,0,Units,,,21,,
LUX,Luxembourg,EMP17,Female share of seats in national parliaments,WOMEN,Women,TOTAL,Total,2014,2014,,,0,Units,,,28.3,,
SVK,Slovak Republic,EMP17,Female share of seats in national parliaments,WOMEN,Women,TOTAL,Total,2014,2014,,,0,Units,,,18.7,,
SWE,Sweden,EMP17,Female share of seats in national parliaments,WOMEN,Women,TOTAL,Total,2014,2014,,,0,Units,,,44.7,,
USA,United States,EMP17,Female share of seats in national parliaments,WOMEN,Women,TOTAL,Total,2014,2014,,,0,Units,,,19.3,,
HUN,Hungary,EMP17,Female share of seats in national parliaments,WOMEN,Women,TOTAL,Total,2014,2014,,,0,Units,,,10.1,,
CAN,Canada,EMP17,Female share of seats in national parliaments,WOMEN,Women,TOTAL,Total,2014,2014,,,0,Units,,,25.1,,
CHE,Switzerland,EMP17,Female share of seats in national parliaments,WOMEN,Women,TOTAL,Total,2014,2014,,,0,Units,,,31,,
IRL,Ireland,EMP17,Female share of seats in national parliaments,WOMEN,Women,TOTAL,Total,2014,2014,,,0,Units,,,15.7,,
FRA,France,EMP17,Female share of seats in national parliaments,WOMEN,Women,TOTAL,Total,2014,2014,,,0,Units,,,26.2,,
ITA,Italy,EMP17,Female share of seats in national parliaments,WOMEN,Women,TOTAL,Total,2014,2014,,,0,Units,,,31.4,,
AUS,Australia,EMP17,Female share of seats in national parliaments,WOMEN,Women,TOTAL,Total,2014,2014,,,0,Units,,,26,,
EST,Estonia,EMP17,Female share of seats in national parliaments,WOMEN,Women,TOTAL,Total,2014,2014,,,0,Units,,,19,,
PRT,Portugal,EMP17,Female share of seats in national parliaments,WOMEN,Women,TOTAL,Total,2014,2014,,,0,Units,,,31.3,,
GBR,United Kingdom,EMP17,Female share of seats in national parliaments,WOMEN,Women,TOTAL,Total,2014,2014,,,0,Units,,,22.6,,
FIN,Finland,EMP17,Female share of seats in national parliaments,WOMEN,Women,TOTAL,Total,2014,2014,,,0,Units,,,42.5,,
NZL,New Zealand,EMP17,Female share of seats in national parliaments,WOMEN,Women,TOTAL,Total,2014,2014,,,0,Units,,,29.8,,
AUT,Austria,EMP17,Female share of seats in national parliaments,WOMEN,Women,TOTAL,Total,2014,2014,,,0,Units,,,32.2,,
ESP,Spain,EMP17,Female share of seats in national parliaments,WOMEN,Women,TOTAL,Total,2014,2014,,,0,Units,,,39.7,,
RUS,Russia,EMP17,Female share of seats in national parliaments,WOMEN,Women,TOTAL,Total,2014,2014,,,0,Units,,,13.6,,
ISL,Iceland,EMP17,Female share of seats in national parliaments,WOMEN,Women,TOTAL,Total,2014,2014,,,0,Units,,,39.7,,
MEX,Mexico,EMP17,Female share of seats in national parliaments,WOMEN,Women,TOTAL,Total,2014,2014,,,0,Units,,,37.4,,
BEL,Belgium,EMP17,Female share of seats in national parliaments,WOMEN,Women,TOTAL,Total,2014,2014,,,0,Units,,,39.3,,
KOR,Korea,EMP17,Female share of seats in national parliaments,WOMEN,Women,TOTAL,Total,2014,2014,,,0,Units,,,16.3,,
ISR,Israel,EMP17,Female share of seats in national parliaments,WOMEN,Women,TOTAL,Total,2014,2014,,,0,Units,,,22.5,,
IDN,Indonesia,EMP17,Female share of seats in national parliaments,WOMEN,Women,TOTAL,Total,2014,2014,,,0,Units,,,16.9,,
NOR,Norway,EMP17,Female share of seats in national parliaments,WOMEN,Women,TOTAL,Total,2014,2014,,,0,Units,,,39.6,,
JPN,Japan,EMP17,Female share of seats in national parliaments,WOMEN,Women,TOTAL,Total,2014,2014,,,0,Units,,,8.1,,
NLD,Netherlands,EMP17,Female share of seats in national parliaments,WOMEN,Women,TOTAL,Total,2014,2014,,,0,Units,,,38.7,,
IND,India,EMP17,Female share of seats in national parliaments,WOMEN,Women,TOTAL,Total,2014,2014,,,0,Units,,,11.4,,
CHL,Chile,EMP17,Female share of seats in national parliaments,WOMEN,Women,TOTAL,Total,2014,2014,,,0,Units,,,15.8,,
ZAF,South Africa,EMP17,Female share of seats in national parliaments,WOMEN,Women,TOTAL,Total,2014,2014,,,0,Units,,,41.5,,
DEU,Germany,EMP17,Female share of seats in national parliaments,WOMEN,Women,TOTAL,Total,2014,2014,,,0,Units,,,36.5,,
BRA,Brazil,EMP17,Female share of seats in national parliaments,WOMEN,Women,TOTAL,Total,2014,2014,,,0,Units,,,9.9,,
CZE,Czech Republic,EMP17,Female share of seats in national parliaments,WOMEN,Women,TOTAL,Total,2014,2014,,,0,Units,,,19.5,,
CHN,China (People's Republic of),EMP17,Female share of seats in national parliaments,WOMEN,Women,TOTAL,Total,2014,2014,,,0,Units,,,23.4,,
OAVG,OECD - Average,EMP17,Female share of seats in national parliaments,WOMEN,Women,TOTAL,Total,2014,2014,,,0,Units,,,27.4,,
TUR,Turkey,EMP17,Female share of seats in national parliaments,WOMEN,Women,TOTAL,Total,2014,2014,,,0,Units,,,14.4,,
DNK,Denmark,EMP17,Female share of seats in national parliaments,WOMEN,Women,TOTAL,Total,2014,2014,,,0,Units,,,39.1,,
POL,Poland,EMP17,Female share of seats in national parliaments,WOMEN,Women,TOTAL,Total,2014,2014,,,0,Units,,,24.3,,
NZL,New Zealand,EMP17,Female share of seats in national parliaments,WOMEN,Women,TOTAL,Total,2015,2015,,,0,Units,,,31.4,,
HUN,Hungary,EMP11,Female share of seats on boards of the largest publicly listed companies,WOMEN,Women,TOTAL,Total,2015,2015,PC,Percentage,0,Units,,,17.8,,
IDN,Indonesia,EMP17,Female share of seats in national parliaments,WOMEN,Women,TOTAL,Total,2015,2015,,,0,Units,,,17.1,,
AUT,Austria,EMP11,Female share of seats on boards of the largest publicly listed companies,WOMEN,Women,TOTAL,Total,2015,2015,PC,Percentage,0,Units,,,20,,
LTU,Lithuania,EMP17,Female share of seats in national parliaments,WOMEN,Women,TOTAL,Total,2014,2014,,,0,Units,,,24.1,,
EST,Estonia,EMP11,Female share of seats on boards of the largest publicly listed companies,WOMEN,Women,TOTAL,Total,2015,2015,PC,Percentage,0,Units,,,8.1,,
NLD,Netherlands,EMP17,Female share of seats in national parliaments,WOMEN,Women,TOTAL,Total,2015,2015,,,0,Units,,,37.3,,
GRC,Greece,EMP11,Female share of seats on boards of the largest publicly listed companies,WOMEN,Women,TOTAL,Total,2015,2015,PC,Percentage,0,Units,,,9.8,,
BEL,Belgium,EMP11,Female share of seats on boards of the largest publicly listed companies,WOMEN,Women,TOTAL,Total,2015,2015,PC,Percentage,0,Units,,,26,,
SVK,Slovak Republic,EMP11,Female share of seats on boards of the largest publicly listed companies,WOMEN,Women,TOTAL,Total,2015,2015,PC,Percentage,0,Units,,,12.7,,
FIN,Finland,EMP17,Female share of seats in national parliaments,WOMEN,Women,TOTAL,Total,2015,2015,,,0,Units,,,41.5,,
GBR,United Kingdom,EMP17,Female share of seats in national parliaments,WOMEN,Women,TOTAL,Total,2015,2015,,,0,Units,,,29.4,,
NLD,Netherlands,EMP18_MAT,Length of maternity leave,WOMEN,Women,TOTAL,Total,2014,2014,WEEK,Weeks,0,Units,,,16,,
POL,Poland,EMP17,Female share of seats in national parliaments,WOMEN,Women,TOTAL,Total,2015,2015,,,0,Units,,,27.4,,
OAVG,OECD - Average,EMP17,Female share of seats in national parliaments,WOMEN,Women,TOTAL,Total,2015,2015,,,0,Units,,,28.3,,
TUR,Turkey,EMP17,Female share of seats in national parliaments,WOMEN,Women,TOTAL,Total,2015,2015,,,0,Units,,,14.9,,
LVA,Latvia,EMP17,Female share of seats in national parliaments,WOMEN,Women,TOTAL,Total,2014,2014,,,0,Units,,,18,,
ISL,Iceland,EMP11,Female share of seats on boards of the largest publicly listed companies,WOMEN,Women,TOTAL,Total,2015,2015,PC,Percentage,0,Units,,,44.2,,
ESP,Spain,EMP11,Female share of seats on boards of the largest publicly listed companies,WOMEN,Women,TOTAL,Total,2015,2015,PC,Percentage,0,Units,,,18.7,,
NZL,New Zealand,EMP18_MAT,Length of maternity leave,WOMEN,Women,TOTAL,Total,2014,2014,WEEK,Weeks,0,Units,,,14,,
CZE,Czech Republic,EMP18_MAT,Length of maternity leave,WOMEN,Women,TOTAL,Total,2015,2015,WEEK,Weeks,0,Units,,,28,,
FIN,Finland,EMP18_MAT,Length of maternity leave,WOMEN,Women,TOTAL,Total,2014,2014,WEEK,Weeks,0,Units,,,17.5,,
GBR,United Kingdom,EMP18_MAT,Length of maternity leave,WOMEN,Women,TOTAL,Total,2014,2014,WEEK,Weeks,0,Units,,,52,,
LUX,Luxembourg,EMP11,Female share of seats on boards of the largest publicly listed companies,WOMEN,Women,TOTAL,Total,2015,2015,PC,Percentage,0,Units,,,12.1,,
PRT,Portugal,EMP18_MAT,Length of maternity leave,WOMEN,Women,TOTAL,Total,2015,2015,WEEK,Weeks,0,Units,,,6,,
DEU,Germany,EMP11,Female share of seats on boards of the largest publicly listed companies,WOMEN,Women,TOTAL,Total,2015,2015,PC,Percentage,0,Units,,,26.1,,
TUR,Turkey,EMP18_MAT,Length of maternity leave,WOMEN,Women,TOTAL,Total,2014,2014,WEEK,Weeks,0,Units,,,16,,
POL,Poland,EMP18_MAT,Length of maternity leave,WOMEN,Women,TOTAL,Total,2014,2014,WEEK,Weeks,0,Units,,,26,,
SWE,Sweden,EMP11,Female share of seats on boards of the largest publicly listed companies,WOMEN,Women,TOTAL,Total,2015,2015,PC,Percentage,0,Units,,,32.6,,
AUS,Australia,EMP18_MAT,Length of maternity leave,WOMEN,Women,TOTAL,Total,2015,2015,WEEK,Weeks,0,Units,,,6,,
IND,India,EMP17,Female share of seats in national parliaments,WOMEN,Women,TOTAL,Total,2015,2015,,,0,Units,,,12,,
AUT,Austria,EMP17,Female share of seats in national parliaments,WOMEN,Women,TOTAL,Total,2015,2015,,,0,Units,,,30.6,,
TUR,Turkey,EMP11,Female share of seats on boards of the largest publicly listed companies,WOMEN,Women,TOTAL,Total,2015,2015,PC,Percentage,0,Units,,,10.4,,
GBR,United Kingdom,EMP11,Female share of seats on boards of the largest publicly listed companies,WOMEN,Women,TOTAL,Total,2015,2015,PC,Percentage,0,Units,,,27.8,,
MEX,Mexico,EMP17,Female share of seats in national parliaments,WOMEN,Women,TOTAL,Total,2015,2015,,,0,Units,,,42.4,,
IRL,Ireland,EMP11,Female share of seats on boards of the largest publicly listed companies,WOMEN,Women,TOTAL,Total,2015,2015,PC,Percentage,0,Units,,,15.3,,
NLD,Netherlands,EMP11,Female share of seats on boards of the largest publicly listed companies,WOMEN,Women,TOTAL,Total,2015,2015,PC,Percentage,0,Units,,,25.5,,
KOR,Korea,EMP17,Female share of seats in national parliaments,WOMEN,Women,TOTAL,Total,2015,2015,,,0,Units,,,16.3,,
ISR,Israel,EMP17,Female share of seats in national parliaments,WOMEN,Women,TOTAL,Total,2015,2015,,,0,Units,,,26.7,,
CHE,Switzerland,EMP17,Female share of seats in national parliaments,WOMEN,Women,TOTAL,Total,2015,2015,,,0,Units,,,32,,
DEU,Germany,EMP18_MAT,Length of maternity leave,WOMEN,Women,TOTAL,Total,2015,2015,WEEK,Weeks,0,Units,,,14,,
HUN,Hungary,EMP17,Female share of seats in national parliaments,WOMEN,Women,TOTAL,Total,2015,2015,,,0,Units,,,10.1,,
LUX,Luxembourg,EMP17,Female share of seats in national parliaments,WOMEN,Women,TOTAL,Total,2015,2015,,,0,Units,,,28.3,,
LTU,Lithuania,EMP11,Female share of seats on boards of the largest publicly listed companies,WOMEN,Women,TOTAL,Total,2015,2015,PC,Percentage,0,Units,,,14.3,,
LVA,Latvia,EMP11,Female share of seats on boards of the largest publicly listed companies,WOMEN,Women,TOTAL,Total,2015,2015,PC,Percentage,0,Units,,,30.4,,
PRT,Portugal,EMP18_MAT,Length of maternity leave,WOMEN,Women,TOTAL,Total,2014,2014,WEEK,Weeks,0,Units,,,6.4,,
GRC,Greece,EMP17,Female share of seats in national parliaments,WOMEN,Women,TOTAL,Total,2015,2015,,,0,Units,,,19.7,,
DNK,Denmark,EMP18_MAT,Length of maternity leave,WOMEN,Women,TOTAL,Total,2015,2015,WEEK,Weeks,0,Units,,,18,,
CZE,Czech Republic,EMP18_MAT,Length of maternity leave,WOMEN,Women,TOTAL,Total,2014,2014,WEEK,Weeks,0,Units,,,28,,
JPN,Japan,EMP18_MAT,Length of maternity leave,WOMEN,Women,TOTAL,Total,2015,2015,WEEK,Weeks,0,Units,,,14,,
FIN,Finland,EMP11,Female share of seats on boards of the largest publicly listed companies,WOMEN,Women,TOTAL,Total,2015,2015,PC,Percentage,0,Units,,,29.2,,
ITA,Italy,EMP18_MAT,Length of maternity leave,WOMEN,Women,TOTAL,Total,2015,2015,WEEK,Weeks,0,Units,,,21.7,,
ESP,Spain,EMP17,Female share of seats in national parliaments,WOMEN,Women,TOTAL,Total,2015,2015,,,0,Units,,,41.1,,
BEL,Belgium,EMP17,Female share of seats in national parliaments,WOMEN,Women,TOTAL,Total,2015,2015,,,0,Units,,,39.3,,
CHL,Chile,EMP18_MAT,Length of maternity leave,WOMEN,Women,TOTAL,Total,2015,2015,WEEK,Weeks,0,Units,,,18,,
SVN,Slovenia,EMP18_MAT,Length of maternity leave,WOMEN,Women,TOTAL,Total,2015,2015,WEEK,Weeks,0,Units,,,15,,
USA,United States,EMP18_MAT,Length of maternity leave,WOMEN,Women,TOTAL,Total,2015,2015,WEEK,Weeks,0,Units,,,0,,
EST,Estonia,EMP18_MAT,Length of maternity leave,WOMEN,Women,TOTAL,Total,2015,2015,WEEK,Weeks,0,Units,,,20,,
DEU,Germany,EMP17,Female share of seats in national parliaments,WOMEN,Women,TOTAL,Total,2015,2015,,,0,Units,,,36.5,,
CHN,China (People's Republic of),EMP17,Female share of seats in national parliaments,WOMEN,Women,TOTAL,Total,2015,2015,,,0,Units,,,23.6,,
LUX,Luxembourg,EMP18_MAT,Length of maternity leave,WOMEN,Women,TOTAL,Total,2015,2015,WEEK,Weeks,0,Units,,,16,,
LVA,Latvia,EMP17,Female share of seats in national parliaments,WOMEN,Women,TOTAL,Total,2015,2015,,,0,Units,,,18,,
SVK,Slovak Republic,EMP17,Female share of seats in national parliaments,WOMEN,Women,TOTAL,Total,2015,2015,,,0,Units,,,18.7,,
USA,United States,EMP17,Female share of seats in national parliaments,WOMEN,Women,TOTAL,Total,2015,2015,,,0,Units,,,19.4,,
PRT,Portugal,EMP11,Female share of seats on boards of the largest publicly listed companies,WOMEN,Women,TOTAL,Total,2015,2015,PC,Percentage,0,Units,,,13.5,,
CAN,Canada,EMP18_MAT,Length of maternity leave,WOMEN,Women,TOTAL,Total,2015,2015,WEEK,Weeks,0,Units,,,17,,
NOR,Norway,EMP18_MAT,Length of maternity leave,WOMEN,Women,TOTAL,Total,2015,2015,WEEK,Weeks,0,Units,,,13,,
CAN,Canada,EMP17,Female share of seats in national parliaments,WOMEN,Women,TOTAL,Total,2015,2015,,,0,Units,,,26,,
LTU,Lithuania,EMP17,Female share of seats in national parliaments,WOMEN,Women,TOTAL,Total,2015,2015,,,0,Units,,,23.4,,
IRL,Ireland,EMP17,Female share of seats in national parliaments,WOMEN,Women,TOTAL,Total,2015,2015,,,0,Units,,,16.3,,
AUS,Australia,EMP17,Female share of seats in national parliaments,WOMEN,Women,TOTAL,Total,2015,2015,,,0,Units,,,26.7,,
ZAF,South Africa,EMP17,Female share of seats in national parliaments,WOMEN,Women,TOTAL,Total,2015,2015,,,0,Units,,,42,,
ITA,Italy,EMP17,Female share of seats in national parliaments,WOMEN,Women,TOTAL,Total,2015,2015,,,0,Units,,,31,,
ITA,Italy,EMP11,Female share of seats on boards of the largest publicly listed companies,WOMEN,Women,TOTAL,Total,2015,2015,PC,Percentage,0,Units,,,28.6,,
FIN,Finland,EMP18_MAT,Length of maternity leave,WOMEN,Women,TOTAL,Total,2015,2015,WEEK,Weeks,0,Units,,,17.5,,
CRI,Costa Rica,EMP17,Female share of seats in national parliaments,WOMEN,Women,TOTAL,Total,2014,2014,,,0,Units,,,33.3,,
ISL,Iceland,EMP17,Female share of seats in national parliaments,WOMEN,Women,TOTAL,Total,2015,2015,,,0,Units,,,41.3,,
DNK,Denmark,EMP18_MAT,Length of maternity leave,WOMEN,Women,TOTAL,Total,2014,2014,WEEK,Weeks,0,Units,,,18,,
NOR,Norway,EMP18_MAT,Length of maternity leave,WOMEN,Women,TOTAL,Total,2014,2014,WEEK,Weeks,0,Units,,,17,,
SVN,Slovenia,EMP18_MAT,Length of maternity leave,WOMEN,Women,TOTAL,Total,2014,2014,WEEK,Weeks,0,Units,,,15,,
ISL,Iceland,EMP18_MAT,Length of maternity leave,WOMEN,Women,TOTAL,Total,2015,2015,WEEK,Weeks,0,Units,,,13,,
IRL,Ireland,EMP18_MAT,Length of maternity leave,WOMEN,Women,TOTAL,Total,2014,2014,WEEK,Weeks,0,Units,,,42,,
CHL,Chile,EMP17,Female share of seats in national parliaments,WOMEN,Women,TOTAL,Total,2015,2015,,,0,Units,,,15.8,,
CRI,Costa Rica,EMP17,Female share of seats in national parliaments,WOMEN,Women,TOTAL,Total,2015,2015,,,0,Units,,,33.3,,
POL,Poland,EMP11,Female share of seats on boards of the largest publicly listed companies,WOMEN,Women,TOTAL,Total,2015,2015,PC,Percentage,0,Units,,,19.4,,
FRA,France,EMP17,Female share of seats in national parliaments,WOMEN,Women,TOTAL,Total,2015,2015,,,0,Units,,,26.2,,
ESP,Spain,EMP18_MAT,Length of maternity leave,WOMEN,Women,TOTAL,Total,2015,2015,WEEK,Weeks,0,Units,,,16,,
GRC,Greece,EMP18_MAT,Length of maternity leave,WOMEN,Women,TOTAL,Total,2014,2014,WEEK,Weeks,0,Units,,,43,,
BEL,Belgium,EMP18_MAT,Length of maternity leave,WOMEN,Women,TOTAL,Total,2014,2014,WEEK,Weeks,0,Units,,,15,,
NZL,New Zealand,EMP18_MAT,Length of maternity leave,WOMEN,Women,TOTAL,Total,2015,2015,WEEK,Weeks,0,Units,,,16,,
KOR,Korea,EMP18_MAT,Length of maternity leave,WOMEN,Women,TOTAL,Total,2014,2014,WEEK,Weeks,0,Units,,,12.9,,
SWE,Sweden,EMP17,Female share of seats in national parliaments,WOMEN,Women,TOTAL,Total,2015,2015,,,0,Units,,,43.6,,
FRA,France,EMP18_MAT,Length of maternity leave,WOMEN,Women,TOTAL,Total,2015,2015,WEEK,Weeks,0,Units,,,16,,
SWE,Sweden,EMP18_MAT,Length of maternity leave,WOMEN,Women,TOTAL,Total,2014,2014,WEEK,Weeks,0,Units,,,15.6,,
DNK,Denmark,EMP17,Female share of seats in national parliaments,WOMEN,Women,TOTAL,Total,2015,2015,,,0,Units,,,37.4,,
FRA,France,EMP18_MAT,Length of maternity leave,WOMEN,Women,TOTAL,Total,2014,2014,WEEK,Weeks,0,Units,,,16,,
RUS,Russia,EMP17,Female share of seats in national parliaments,WOMEN,Women,TOTAL,Total,2015,2015,,,0,Units,,,13.6,,
EST,Estonia,EMP17,Female share of seats in national parliaments,WOMEN,Women,TOTAL,Total,2015,2015,,,0,Units,,,23.8,,
CZE,Czech Republic,EMP11,Female share of seats on boards of the largest publicly listed companies,WOMEN,Women,TOTAL,Total,2015,2015,PC,Percentage,0,Units,,,10.4,,
AUT,Austria,EMP18_MAT,Length of maternity leave,WOMEN,Women,TOTAL,Total,2015,2015,WEEK,Weeks,0,Units,,,16,,
AUS,Australia,EMP18_MAT,Length of maternity leave,WOMEN,Women,TOTAL,Total,2014,2014,WEEK,Weeks,0,Units,,,6,,
TUR,Turkey,EMP18_MAT,Length of maternity leave,WOMEN,Women,TOTAL,Total,2015,2015,WEEK,Weeks,0,Units,,,16,,
SVK,Slovak Republic,EMP18_MAT,Length of maternity leave,WOMEN,Women,TOTAL,Total,2014,2014,WEEK,Weeks,0,Units,,,34,,
MEX,Mexico,EMP18_MAT,Length of maternity leave,WOMEN,Women,TOTAL,Total,2014,2014,WEEK,Weeks,0,Units,,,12,,
ISR,Israel,EMP18_MAT,Length of maternity leave,WOMEN,Women,TOTAL,Total,2014,2014,WEEK,Weeks,0,Units,,,26,,
AUT,Austria,EMP18_MAT,Length of maternity leave,WOMEN,Women,TOTAL,Total,2014,2014,WEEK,Weeks,0,Units,,,16,,
HUN,Hungary,EMP18_MAT,Length of maternity leave,WOMEN,Women,TOTAL,Total,2014,2014,WEEK,Weeks,0,Units,,,24,,
MEX,Mexico,EMP18_MAT,Length of maternity leave,WOMEN,Women,TOTAL,Total,2015,2015,WEEK,Weeks,0,Units,,,12,,
HUN,Hungary,EMP18_MAT,Length of maternity leave,WOMEN,Women,TOTAL,Total,2015,2015,WEEK,Weeks,0,Units,,,24,,
SVK,Slovak Republic,EMP18_MAT,Length of maternity leave,WOMEN,Women,TOTAL,Total,2015,2015,WEEK,Weeks,0,Units,,,34,,
SVN,Slovenia,EMP17,Female share of seats in national parliaments,WOMEN,Women,TOTAL,Total,2015,2015,,,0,Units,,,36.7,,
CHE,Switzerland,EMP18_MAT,Length of maternity leave,WOMEN,Women,TOTAL,Total,2014,2014,WEEK,Weeks,0,Units,,,16,,
POL,Poland,EMP18_MAT,Length of maternity leave,WOMEN,Women,TOTAL,Total,2015,2015,WEEK,Weeks,0,Units,,,26,,
NOR,Norway,EMP17,Female share of seats in national parliaments,WOMEN,Women,TOTAL,Total,2015,2015,,,0,Units,,,39.6,,
COL,Colombia,EMP17,Female share of seats in national parliaments,WOMEN,Women,TOTAL,Total,2014,2014,,,0,Units,,,19.9,,
JPN,Japan,EMP17,Female share of seats in national parliaments,WOMEN,Women,TOTAL,Total,2015,2015,,,0,Units,,,9.5,,
GRC,Greece,EMP18_MAT,Length of maternity leave,WOMEN,Women,TOTAL,Total,2015,2015,WEEK,Weeks,0,Units,,,43,,
KOR,Korea,EMP18_MAT,Length of maternity leave,WOMEN,Women,TOTAL,Total,2015,2015,WEEK,Weeks,0,Units,,,12.9,,
DEU,Germany,EMP18_MAT,Length of maternity leave,WOMEN,Women,TOTAL,Total,2014,2014,WEEK,Weeks,0,Units,,,14,,
JPN,Japan,EMP18_MAT,Length of maternity leave,WOMEN,Women,TOTAL,Total,2014,2014,WEEK,Weeks,0,Units,,,14,,
BEL,Belgium,EMP18_MAT,Length of maternity leave,WOMEN,Women,TOTAL,Total,2015,2015,WEEK,Weeks,0,Units,,,15,,
SWE,Sweden,EMP18_MAT,Length of maternity leave,WOMEN,Women,TOTAL,Total,2015,2015,WEEK,Weeks,0,Units,,,15.6,,
CHL,Chile,EMP18_MAT,Length of maternity leave,WOMEN,Women,TOTAL,Total,2014,2014,WEEK,Weeks,0,Units,,,18,,
ESP,Spain,EMP18_MAT,Length of maternity leave,WOMEN,Women,TOTAL,Total,2014,2014,WEEK,Weeks,0,Units,,,16,,
NLD,Netherlands,EMP18_MAT,Length of maternity leave,WOMEN,Women,TOTAL,Total,2015,2015,WEEK,Weeks,0,Units,,,16,,
BRA,Brazil,EMP17,Female share of seats in national parliaments,WOMEN,Women,TOTAL,Total,2015,2015,,,0,Units,,,9.9,,
DNK,Denmark,EMP11,Female share of seats on boards of the largest publicly listed companies,WOMEN,Women,TOTAL,Total,2015,2015,PC,Percentage,0,Units,,,25.8,,
ISL,Iceland,EMP18_MAT,Length of maternity leave,WOMEN,Women,TOTAL,Total,2014,2014,WEEK,Weeks,0,Units,,,13,,
IRL,Ireland,EMP18_MAT,Length of maternity leave,WOMEN,Women,TOTAL,Total,2015,2015,WEEK,Weeks,0,Units,,,42,,
GBR,United Kingdom,EMP18_MAT,Length of maternity leave,WOMEN,Women,TOTAL,Total,2015,2015,WEEK,Weeks,0,Units,,,52,,
CZE,Czech Republic,EMP17,Female share of seats in national parliaments,WOMEN,Women,TOTAL,Total,2015,2015,,,0,Units,,,20,,
ISR,Israel,EMP18_MAT,Length of maternity leave,WOMEN,Women,TOTAL,Total,2015,2015,WEEK,Weeks,0,Units,,,26,,
ITA,Italy,EMP18_MAT,Length of maternity leave,WOMEN,Women,TOTAL,Total,2014,2014,WEEK,Weeks,0,Units,,,21.7,,
CHE,Switzerland,EMP18_MAT,Length of maternity leave,WOMEN,Women,TOTAL,Total,2015,2015,WEEK,Weeks,0,Units,,,16,,
USA,United States,EMP18_MAT,Length of maternity leave,WOMEN,Women,TOTAL,Total,2014,2014,WEEK,Weeks,0,Units,,,0,,
LUX,Luxembourg,EMP18_MAT,Length of maternity leave,WOMEN,Women,TOTAL,Total,2014,2014,WEEK,Weeks,0,Units,,,16,,
NOR,Norway,EMP11,Female share of seats on boards of the largest publicly listed companies,WOMEN,Women,TOTAL,Total,2015,2015,PC,Percentage,0,Units,,,38.8,,
SVN,Slovenia,EMP11,Female share of seats on boards of the largest publicly listed companies,WOMEN,Women,TOTAL,Total,2015,2015,PC,Percentage,0,Units,,,21.5,,
PRT,Portugal,EMP17,Female share of seats in national parliaments,WOMEN,Women,TOTAL,Total,2015,2015,,,0,Units,,,34.8,,
EST,Estonia,EMP18_MAT,Length of maternity leave,WOMEN,Women,TOTAL,Total,2014,2014,WEEK,Weeks,0,Units,,,20,,
CAN,Canada,EMP18_MAT,Length of maternity leave,WOMEN,Women,TOTAL,Total,2014,2014,WEEK,Weeks,0,Units,,,17,,
COL,Colombia,EMP17,Female share of seats in national parliaments,WOMEN,Women,TOTAL,Total,2015,2015,,,0,Units,,,19.9,,
FRA,France,EMP11,Female share of seats on boards of the largest publicly listed companies,WOMEN,Women,TOTAL,Total,2015,2015,PC,Percentage,0,Units,,,35.6,,
AUS,Australia,EMP11,Female share of seats on boards of the largest publicly listed companies,WOMEN,Women,TOTAL,Total,2016,2016,PC,Percentage,0,Units,,,26,,
AUS,Australia,EMP17,Female share of seats in national parliaments,WOMEN,Women,TOTAL,Total,2016,2016,,,0,Units,,,28.7,,
AUT,Austria,EMP11,Female share of seats on boards of the largest publicly listed companies,WOMEN,Women,TOTAL,Total,2016,2016,PC,Percentage,0,Units,,,18.1,,
AUT,Austria,EMP17,Female share of seats in national parliaments,WOMEN,Women,TOTAL,Total,2016,2016,,,0,Units,,,30.6,,
BEL,Belgium,EMP11,Female share of seats on boards of the largest publicly listed companies,WOMEN,Women,TOTAL,Total,2016,2016,PC,Percentage,0,Units,,,28.6,,
BEL,Belgium,EMP17,Female share of seats in national parliaments,WOMEN,Women,TOTAL,Total,2016,2016,,,0,Units,,,39.3,,
CAN,Canada,EMP11,Female share of seats on boards of the largest publicly listed companies,WOMEN,Women,TOTAL,Total,2016,2016,PC,Percentage,0,Units,,,22.8,,
CAN,Canada,EMP17,Female share of seats in national parliaments,WOMEN,Women,TOTAL,Total,2016,2016,,,0,Units,,,26,,
CZE,Czech Republic,EMP11,Female share of seats on boards of the largest publicly listed companies,WOMEN,Women,TOTAL,Total,2016,2016,PC,Percentage,0,Units,,,10.1,,
CZE,Czech Republic,EMP17,Female share of seats in national parliaments,WOMEN,Women,TOTAL,Total,2016,2016,,,0,Units,,,20,,
DNK,Denmark,EMP11,Female share of seats on boards of the largest publicly listed companies,WOMEN,Women,TOTAL,Total,2016,2016,PC,Percentage,0,Units,,,27.1,,
DNK,Denmark,EMP17,Female share of seats in national parliaments,WOMEN,Women,TOTAL,Total,2016,2016,,,0,Units,,,37.4,,
FIN,Finland,EMP11,Female share of seats on boards of the largest publicly listed companies,WOMEN,Women,TOTAL,Total,2016,2016,PC,Percentage,0,Units,,,30.1,,
FIN,Finland,EMP17,Female share of seats in national parliaments,WOMEN,Women,TOTAL,Total,2016,2016,,,0,Units,,,41.5,,
FRA,France,EMP11,Female share of seats on boards of the largest publicly listed companies,WOMEN,Women,TOTAL,Total,2016,2016,PC,Percentage,0,Units,,,41.2,,
FRA,France,EMP17,Female share of seats in national parliaments,WOMEN,Women,TOTAL,Total,2016,2016,,,0,Units,,,26.2,,
DEU,Germany,EMP11,Female share of seats on boards of the largest publicly listed companies,WOMEN,Women,TOTAL,Total,2016,2016,PC,Percentage,0,Units,,,29.5,,
DEU,Germany,EMP17,Female share of seats in national parliaments,WOMEN,Women,TOTAL,Total,2016,2016,,,0,Units,,,36.5,,
GRC,Greece,EMP11,Female share of seats on boards of the largest publicly listed companies,WOMEN,Women,TOTAL,Total,2016,2016,PC,Percentage,0,Units,,,9.1,,
GRC,Greece,EMP17,Female share of seats in national parliaments,WOMEN,Women,TOTAL,Total,2016,2016,,,0,Units,,,19.7,,
HUN,Hungary,EMP11,Female share of seats on boards of the largest publicly listed companies,WOMEN,Women,TOTAL,Total,2016,2016,PC,Percentage,0,Units,,,12.3,,
HUN,Hungary,EMP17,Female share of seats in national parliaments,WOMEN,Women,TOTAL,Total,2016,2016,,,0,Units,,,10.1,,
ISL,Iceland,EMP11,Female share of seats on boards of the largest publicly listed companies,WOMEN,Women,TOTAL,Total,2016,2016,PC,Percentage,0,Units,,,45.1,,
ISL,Iceland,EMP17,Female share of seats in national parliaments,WOMEN,Women,TOTAL,Total,2016,2016,,,0,Units,,,47.6,,
IRL,Ireland,EMP11,Female share of seats on boards of the largest publicly listed companies,WOMEN,Women,TOTAL,Total,2016,2016,PC,Percentage,0,Units,,,16.5,,
IRL,Ireland,EMP17,Female share of seats in national parliaments,WOMEN,Women,TOTAL,Total,2016,2016,,,0,Units,,,22.2,,
ITA,Italy,EMP11,Female share of seats on boards of the largest publicly listed companies,WOMEN,Women,TOTAL,Total,2016,2016,PC,Percentage,0,Units,,,32.3,,
ITA,Italy,EMP17,Female share of seats in national parliaments,WOMEN,Women,TOTAL,Total,2016,2016,,,0,Units,,,31,,
JPN,Japan,EMP11,Female share of seats on boards of the largest publicly listed companies,WOMEN,Women,TOTAL,Total,2016,2016,PC,Percentage,0,Units,,,4.8,,
JPN,Japan,EMP17,Female share of seats in national parliaments,WOMEN,Women,TOTAL,Total,2016,2016,,,0,Units,,,9.5,,
KOR,Korea,EMP11,Female share of seats on boards of the largest publicly listed companies,WOMEN,Women,TOTAL,Total,2016,2016,PC,Percentage,0,Units,,,2.4,,
KOR,Korea,EMP17,Female share of seats in national parliaments,WOMEN,Women,TOTAL,Total,2016,2016,,,0,Units,,,17,,
LUX,Luxembourg,EMP11,Female share of seats on boards of the largest publicly listed companies,WOMEN,Women,TOTAL,Total,2016,2016,PC,Percentage,0,Units,,,12.9,,
LUX,Luxembourg,EMP17,Female share of seats in national parliaments,WOMEN,Women,TOTAL,Total,2016,2016,,,0,Units,,,28.3,,
MEX,Mexico,EMP11,Female share of seats on boards of the largest publicly listed companies,WOMEN,Women,TOTAL,Total,2016,2016,PC,Percentage,0,Units,,,7.2,,
MEX,Mexico,EMP17,Female share of seats in national parliaments,WOMEN,Women,TOTAL,Total,2016,2016,,,0,Units,,,42.4,,
NLD,Netherlands,EMP11,Female share of seats on boards of the largest publicly listed companies,WOMEN,Women,TOTAL,Total,2016,2016,PC,Percentage,0,Units,,,27.5,,
NLD,Netherlands,EMP17,Female share of seats in national parliaments,WOMEN,Women,TOTAL,Total,2016,2016,,,0,Units,,,37.3,,
NZL,New Zealand,EMP11,Female share of seats on boards of the largest publicly listed companies,WOMEN,Women,TOTAL,Total,2016,2016,PC,Percentage,0,Units,,,29.6,,
NZL,New Zealand,EMP17,Female share of seats in national parliaments,WOMEN,Women,TOTAL,Total,2016,2016,,,0,Units,,,31.4,,
NOR,Norway,EMP11,Female share of seats on boards of the largest publicly listed companies,WOMEN,Women,TOTAL,Total,2016,2016,PC,Percentage,0,Units,,,42.6,,
NOR,Norway,EMP17,Female share of seats in national parliaments,WOMEN,Women,TOTAL,Total,2016,2016,,,0,Units,,,39.6,,
POL,Poland,EMP11,Female share of seats on boards of the largest publicly listed companies,WOMEN,Women,TOTAL,Total,2016,2016,PC,Percentage,0,Units,,,18.8,,
POL,Poland,EMP17,Female share of seats in national parliaments,WOMEN,Women,TOTAL,Total,2016,2016,,,0,Units,,,27.4,,
PRT,Portugal,EMP11,Female share of seats on boards of the largest publicly listed companies,WOMEN,Women,TOTAL,Total,2016,2016,PC,Percentage,0,Units,,,14.3,,
PRT,Portugal,EMP17,Female share of seats in national parliaments,WOMEN,Women,TOTAL,Total,2016,2016,,,0,Units,,,34.8,,
SVK,Slovak Republic,EMP11,Female share of seats on boards of the largest publicly listed companies,WOMEN,Women,TOTAL,Total,2016,2016,PC,Percentage,0,Units,,,12.5,,
SVK,Slovak Republic,EMP17,Female share of seats in national parliaments,WOMEN,Women,TOTAL,Total,2016,2016,,,0,Units,,,20,,
ESP,Spain,EMP11,Female share of seats on boards of the largest publicly listed companies,WOMEN,Women,TOTAL,Total,2016,2016,PC,Percentage,0,Units,,,20.3,,
ESP,Spain,EMP17,Female share of seats in national parliaments,WOMEN,Women,TOTAL,Total,2016,2016,,,0,Units,,,39.1,,
SWE,Sweden,EMP11,Female share of seats on boards of the largest publicly listed companies,WOMEN,Women,TOTAL,Total,2016,2016,PC,Percentage,0,Units,,,36.9,,
SWE,Sweden,EMP17,Female share of seats in national parliaments,WOMEN,Women,TOTAL,Total,2016,2016,,,0,Units,,,43.6,,
CHE,Switzerland,EMP11,Female share of seats on boards of the largest publicly listed companies,WOMEN,Women,TOTAL,Total,2016,2016,PC,Percentage,0,Units,,,17.5,,
CHE,Switzerland,EMP17,Female share of seats in national parliaments,WOMEN,Women,TOTAL,Total,2016,2016,,,0,Units,,,32,,
TUR,Turkey,EMP11,Female share of seats on boards of the largest publicly listed companies,WOMEN,Women,TOTAL,Total,2016,2016,PC,Percentage,0,Units,,,12.6,,
TUR,Turkey,EMP17,Female share of seats in national parliaments,WOMEN,Women,TOTAL,Total,2016,2016,,,0,Units,,,14.9,,
GBR,United Kingdom,EMP11,Female share of seats on boards of the largest publicly listed companies,WOMEN,Women,TOTAL,Total,2016,2016,PC,Percentage,0,Units,,,27,,
GBR,United Kingdom,EMP17,Female share of seats in national parliaments,WOMEN,Women,TOTAL,Total,2016,2016,,,0,Units,,,29.6,,
USA,United States,EMP11,Female share of seats on boards of the largest publicly listed companies,WOMEN,Women,TOTAL,Total,2016,2016,PC,Percentage,0,Units,,,20.3,,
USA,United States,EMP17,Female share of seats in national parliaments,WOMEN,Women,TOTAL,Total,2016,2016,,,0,Units,,,19.2,,
BRA,Brazil,EMP11,Female share of seats on boards of the largest publicly listed companies,WOMEN,Women,TOTAL,Total,2016,2016,PC,Percentage,0,Units,,,5.8,,
BRA,Brazil,EMP17,Female share of seats in national parliaments,WOMEN,Women,TOTAL,Total,2016,2016,,,0,Units,,,9.9,,
CHL,Chile,EMP11,Female share of seats on boards of the largest publicly listed companies,WOMEN,Women,TOTAL,Total,2016,2016,PC,Percentage,0,Units,,,7.7,,
CHL,Chile,EMP17,Female share of seats in national parliaments,WOMEN,Women,TOTAL,Total,2016,2016,,,0,Units,,,15.8,,
CHN,China (People's Republic of),EMP11,Female share of seats on boards of the largest publicly listed companies,WOMEN,Women,TOTAL,Total,2016,2016,PC,Percentage,0,Units,,,8.5,,
CHN,China (People's Republic of),EMP17,Female share of seats in national parliaments,WOMEN,Women,TOTAL,Total,2016,2016,,,0,Units,,,23.6,,
COL,Colombia,EMP11,Female share of seats on boards of the largest publicly listed companies,WOMEN,Women,TOTAL,Total,2016,2016,PC,Percentage,0,Units,,,13.4,,
COL,Colombia,EMP17,Female share of seats in national parliaments,WOMEN,Women,TOTAL,Total,2016,2016,,,0,Units,,,19.9,,
CRI,Costa Rica,EMP17,Female share of seats in national parliaments,WOMEN,Women,TOTAL,Total,2016,2016,,,0,Units,,,33.3,,
EST,Estonia,EMP11,Female share of seats on boards of the largest publicly listed companies,WOMEN,Women,TOTAL,Total,2016,2016,PC,Percentage,0,Units,,,8.8,,
EST,Estonia,EMP17,Female share of seats in national parliaments,WOMEN,Women,TOTAL,Total,2016,2016,,,0,Units,,,23.8,,
IND,India,EMP11,Female share of seats on boards of the largest publicly listed companies,WOMEN,Women,TOTAL,Total,2016,2016,PC,Percentage,0,Units,,,12.8,,
IND,India,EMP17,Female share of seats in national parliaments,WOMEN,Women,TOTAL,Total,2016,2016,,,0,Units,,,12,,
IDN,Indonesia,EMP11,Female share of seats on boards of the largest publicly listed companies,WOMEN,Women,TOTAL,Total,2016,2016,PC,Percentage,0,Units,,,2.8,,
IDN,Indonesia,EMP17,Female share of seats in national parliaments,WOMEN,Women,TOTAL,Total,2016,2016,,,0,Units,,,17.1,,
ISR,Israel,EMP11,Female share of seats on boards of the largest publicly listed companies,WOMEN,Women,TOTAL,Total,2016,2016,PC,Percentage,0,Units,,,21.8,,
ISR,Israel,EMP17,Female share of seats in national parliaments,WOMEN,Women,TOTAL,Total,2016,2016,,,0,Units,,,26.7,,
LVA,Latvia,EMP11,Female share of seats on boards of the largest publicly listed companies,WOMEN,Women,TOTAL,Total,2016,2016,PC,Percentage,0,Units,,,28.5,,
LVA,Latvia,EMP17,Female share of seats in national parliaments,WOMEN,Women,TOTAL,Total,2016,2016,,,0,Units,,,18,,
LTU,Lithuania,EMP17,Female share of seats in national parliaments,WOMEN,Women,TOTAL,Total,2016,2016,,,0,Units,,,21.3,,
RUS,Russia,EMP17,Female share of seats in national parliaments,WOMEN,Women,TOTAL,Total,2016,2016,,,0,Units,,,12.7,,
SVN,Slovenia,EMP11,Female share of seats on boards of the largest publicly listed companies,WOMEN,Women,TOTAL,Total,2016,2016,PC,Percentage,0,Units,,,24.8,,
SVN,Slovenia,EMP17,Female share of seats in national parliaments,WOMEN,Women,TOTAL,Total,2016,2016,,,0,Units,,,36.7,,
ZAF,South Africa,EMP11,Female share of seats on boards of the largest publicly listed companies,WOMEN,Women,TOTAL,Total,2016,2016,PC,Percentage,0,Units,,,18.7,,
ZAF,South Africa,EMP17,Female share of seats in national parliaments,WOMEN,Women,TOTAL,Total,2016,2016,,,0,Units,,,42,,
OAVG,OECD - Average,EMP11,Female share of seats on boards of the largest publicly listed companies,WOMEN,Women,TOTAL,Total,2016,2016,PC,Percentage,0,Units,,,21.2,,
OAVG,OECD - Average,EMP17,Female share of seats in national parliaments,WOMEN,Women,TOTAL,Total,2016,2016,,,0,Units,,,28.7,,
AUS,Australia,EMP18_MAT,Length of maternity leave,WOMEN,Women,TOTAL,Total,2016,2016,WEEK,Weeks,0,Units,,,6,,
AUT,Austria,EMP18_MAT,Length of maternity leave,WOMEN,Women,TOTAL,Total,2016,2016,WEEK,Weeks,0,Units,,,16,,
BEL,Belgium,EMP18_MAT,Length of maternity leave,WOMEN,Women,TOTAL,Total,2016,2016,WEEK,Weeks,0,Units,,,15,,
CAN,Canada,EMP18_MAT,Length of maternity leave,WOMEN,Women,TOTAL,Total,2016,2016,WEEK,Weeks,0,Units,,,17,,
CZE,Czech Republic,EMP18_MAT,Length of maternity leave,WOMEN,Women,TOTAL,Total,2016,2016,WEEK,Weeks,0,Units,,,28,,
DNK,Denmark,EMP18_MAT,Length of maternity leave,WOMEN,Women,TOTAL,Total,2016,2016,WEEK,Weeks,0,Units,,,18,,
FIN,Finland,EMP18_MAT,Length of maternity leave,WOMEN,Women,TOTAL,Total,2016,2016,WEEK,Weeks,0,Units,,,17.5,,
FRA,France,EMP18_MAT,Length of maternity leave,WOMEN,Women,TOTAL,Total,2016,2016,WEEK,Weeks,0,Units,,,16,,
DEU,Germany,EMP18_MAT,Length of maternity leave,WOMEN,Women,TOTAL,Total,2016,2016,WEEK,Weeks,0,Units,,,14,,
GRC,Greece,EMP18_MAT,Length of maternity leave,WOMEN,Women,TOTAL,Total,2016,2016,WEEK,Weeks,0,Units,,,43,,
HUN,Hungary,EMP18_MAT,Length of maternity leave,WOMEN,Women,TOTAL,Total,2016,2016,WEEK,Weeks,0,Units,,,24,,
ISL,Iceland,EMP18_MAT,Length of maternity leave,WOMEN,Women,TOTAL,Total,2016,2016,WEEK,Weeks,0,Units,,,13,,
IRL,Ireland,EMP18_MAT,Length of maternity leave,WOMEN,Women,TOTAL,Total,2016,2016,WEEK,Weeks,0,Units,,,42,,
ITA,Italy,EMP18_MAT,Length of maternity leave,WOMEN,Women,TOTAL,Total,2016,2016,WEEK,Weeks,0,Units,,,21.7,,
JPN,Japan,EMP18_MAT,Length of maternity leave,WOMEN,Women,TOTAL,Total,2016,2016,WEEK,Weeks,0,Units,,,14,,
KOR,Korea,EMP18_MAT,Length of maternity leave,WOMEN,Women,TOTAL,Total,2016,2016,WEEK,Weeks,0,Units,,,12.9,,
LUX,Luxembourg,EMP18_MAT,Length of maternity leave,WOMEN,Women,TOTAL,Total,2016,2016,WEEK,Weeks,0,Units,,,16,,
MEX,Mexico,EMP18_MAT,Length of maternity leave,WOMEN,Women,TOTAL,Total,2016,2016,WEEK,Weeks,0,Units,,,12,,
NLD,Netherlands,EMP18_MAT,Length of maternity leave,WOMEN,Women,TOTAL,Total,2016,2016,WEEK,Weeks,0,Units,,,16,,
NZL,New Zealand,EMP18_MAT,Length of maternity leave,WOMEN,Women,TOTAL,Total,2016,2016,WEEK,Weeks,0,Units,,,18,,
NOR,Norway,EMP18_MAT,Length of maternity leave,WOMEN,Women,TOTAL,Total,2016,2016,WEEK,Weeks,0,Units,,,13,,
POL,Poland,EMP18_MAT,Length of maternity leave,WOMEN,Women,TOTAL,Total,2016,2016,WEEK,Weeks,0,Units,,,20,,
PRT,Portugal,EMP18_MAT,Length of maternity leave,WOMEN,Women,TOTAL,Total,2016,2016,WEEK,Weeks,0,Units,,,6,,
SVK,Slovak Republic,EMP18_MAT,Length of maternity leave,WOMEN,Women,TOTAL,Total,2016,2016,WEEK,Weeks,0,Units,,,34,,
ESP,Spain,EMP18_MAT,Length of maternity leave,WOMEN,Women,TOTAL,Total,2016,2016,WEEK,Weeks,0,Units,,,16,,
SWE,Sweden,EMP18_MAT,Length of maternity leave,WOMEN,Women,TOTAL,Total,2016,2016,WEEK,Weeks,0,Units,,,19.9,,
CHE,Switzerland,EMP18_MAT,Length of maternity leave,WOMEN,Women,TOTAL,Total,2016,2016,WEEK,Weeks,0,Units,,,16,,
TUR,Turkey,EMP18_MAT,Length of maternity leave,WOMEN,Women,TOTAL,Total,2016,2016,WEEK,Weeks,0,Units,,,16,,
GBR,United Kingdom,EMP18_MAT,Length of maternity leave,WOMEN,Women,TOTAL,Total,2016,2016,WEEK,Weeks,0,Units,,,52,,
USA,United States,EMP18_MAT,Length of maternity leave,WOMEN,Women,TOTAL,Total,2016,2016,WEEK,Weeks,0,Units,,,0,,
CHL,Chile,EMP18_MAT,Length of maternity leave,WOMEN,Women,TOTAL,Total,2016,2016,WEEK,Weeks,0,Units,,,18,,
CRI,Costa Rica,EMP18_MAT,Length of maternity leave,WOMEN,Women,TOTAL,Total,2016,2016,WEEK,Weeks,0,Units,,,17.3,,
EST,Estonia,EMP18_MAT,Length of maternity leave,WOMEN,Women,TOTAL,Total,2016,2016,WEEK,Weeks,0,Units,,,20,,
ISR,Israel,EMP18_MAT,Length of maternity leave,WOMEN,Women,TOTAL,Total,2016,2016,WEEK,Weeks,0,Units,,,26,,
LVA,Latvia,EMP18_MAT,Length of maternity leave,WOMEN,Women,TOTAL,Total,2016,2016,WEEK,Weeks,0,Units,,,16,,
LTU,Lithuania,EMP18_MAT,Length of maternity leave,WOMEN,Women,TOTAL,Total,2016,2016,WEEK,Weeks,0,Units,,,18,,
SVN,Slovenia,EMP18_MAT,Length of maternity leave,WOMEN,Women,TOTAL,Total,2016,2016,WEEK,Weeks,0,Units,,,15,,
OAVG,OECD - Average,EMP18_MAT,Length of maternity leave,WOMEN,Women,TOTAL,Total,2016,2016,WEEK,Weeks,0,Units,,,19.1,,
AUS,Australia,EMP11,Female share of seats on boards of the largest publicly listed companies,WOMEN,Women,TOTAL,Total,2017,2017,PC,Percentage,0,Units,,,28.7,,
AUT,Austria,EMP11,Female share of seats on boards of the largest publicly listed companies,WOMEN,Women,TOTAL,Total,2014,2014,PC,Percentage,0,Units,,,17.1,,
AUT,Austria,EMP11,Female share of seats on boards of the largest publicly listed companies,WOMEN,Women,TOTAL,Total,2017,2017,PC,Percentage,0,Units,,,19.2,,
BEL,Belgium,EMP11,Female share of seats on boards of the largest publicly listed companies,WOMEN,Women,TOTAL,Total,2014,2014,PC,Percentage,0,Units,,,22.4,,
BEL,Belgium,EMP11,Female share of seats on boards of the largest publicly listed companies,WOMEN,Women,TOTAL,Total,2017,2017,PC,Percentage,0,Units,,,30.7,,
CAN,Canada,EMP11,Female share of seats on boards of the largest publicly listed companies,WOMEN,Women,TOTAL,Total,2017,2017,PC,Percentage,0,Units,,,25.8,,
CZE,Czech Republic,EMP11,Female share of seats on boards of the largest publicly listed companies,WOMEN,Women,TOTAL,Total,2014,2014,PC,Percentage,0,Units,,,3.5,,
CZE,Czech Republic,EMP11,Female share of seats on boards of the largest publicly listed companies,WOMEN,Women,TOTAL,Total,2017,2017,PC,Percentage,0,Units,,,14.5,,
DNK,Denmark,EMP11,Female share of seats on boards of the largest publicly listed companies,WOMEN,Women,TOTAL,Total,2014,2014,PC,Percentage,0,Units,,,24,,
DNK,Denmark,EMP11,Female share of seats on boards of the largest publicly listed companies,WOMEN,Women,TOTAL,Total,2017,2017,PC,Percentage,0,Units,,,30.3,,
FIN,Finland,EMP11,Female share of seats on boards of the largest publicly listed companies,WOMEN,Women,TOTAL,Total,2014,2014,PC,Percentage,0,Units,,,29.2,,
FIN,Finland,EMP11,Female share of seats on boards of the largest publicly listed companies,WOMEN,Women,TOTAL,Total,2017,2017,PC,Percentage,0,Units,,,32.8,,
FRA,France,EMP11,Female share of seats on boards of the largest publicly listed companies,WOMEN,Women,TOTAL,Total,2014,2014,PC,Percentage,0,Units,,,32.4,,
FRA,France,EMP11,Female share of seats on boards of the largest publicly listed companies,WOMEN,Women,TOTAL,Total,2017,2017,PC,Percentage,0,Units,,,43.4,,
DEU,Germany,EMP11,Female share of seats on boards of the largest publicly listed companies,WOMEN,Women,TOTAL,Total,2014,2014,PC,Percentage,0,Units,,,24.4,,
DEU,Germany,EMP11,Female share of seats on boards of the largest publicly listed companies,WOMEN,Women,TOTAL,Total,2017,2017,PC,Percentage,0,Units,,,31.9,,
GRC,Greece,EMP11,Female share of seats on boards of the largest publicly listed companies,WOMEN,Women,TOTAL,Total,2014,2014,PC,Percentage,0,Units,,,8.9,,
GRC,Greece,EMP11,Female share of seats on boards of the largest publicly listed companies,WOMEN,Women,TOTAL,Total,2017,2017,PC,Percentage,0,Units,,,11.3,,
HUN,Hungary,EMP11,Female share of seats on boards of the largest publicly listed companies,WOMEN,Women,TOTAL,Total,2014,2014,PC,Percentage,0,Units,,,11.8,,
HUN,Hungary,EMP11,Female share of seats on boards of the largest publicly listed companies,WOMEN,Women,TOTAL,Total,2017,2017,PC,Percentage,0,Units,,,14.5,,
ISL,Iceland,EMP11,Female share of seats on boards of the largest publicly listed companies,WOMEN,Women,TOTAL,Total,2014,2014,PC,Percentage,0,Units,,,44.8,,
ISL,Iceland,EMP11,Female share of seats on boards of the largest publicly listed companies,WOMEN,Women,TOTAL,Total,2017,2017,PC,Percentage,0,Units,,,43.5,,
IRL,Ireland,EMP11,Female share of seats on boards of the largest publicly listed companies,WOMEN,Women,TOTAL,Total,2014,2014,PC,Percentage,0,Units,,,10.9,,
IRL,Ireland,EMP11,Female share of seats on boards of the largest publicly listed companies,WOMEN,Women,TOTAL,Total,2017,2017,PC,Percentage,0,Units,,,17.6,,
ITA,Italy,EMP11,Female share of seats on boards of the largest publicly listed companies,WOMEN,Women,TOTAL,Total,2014,2014,PC,Percentage,0,Units,,,24.1,,
ITA,Italy,EMP11,Female share of seats on boards of the largest publicly listed companies,WOMEN,Women,TOTAL,Total,2017,2017,PC,Percentage,0,Units,,,34,,
JPN,Japan,EMP11,Female share of seats on boards of the largest publicly listed companies,WOMEN,Women,TOTAL,Total,2017,2017,PC,Percentage,0,Units,,,5.3,,
KOR,Korea,EMP11,Female share of seats on boards of the largest publicly listed companies,WOMEN,Women,TOTAL,Total,2017,2017,PC,Percentage,0,Units,,,2.1,,
LUX,Luxembourg,EMP11,Female share of seats on boards of the largest publicly listed companies,WOMEN,Women,TOTAL,Total,2014,2014,PC,Percentage,0,Units,,,11.7,,
LUX,Luxembourg,EMP11,Female share of seats on boards of the largest publicly listed companies,WOMEN,Women,TOTAL,Total,2017,2017,PC,Percentage,0,Units,,,12,,
MEX,Mexico,EMP11,Female share of seats on boards of the largest publicly listed companies,WOMEN,Women,TOTAL,Total,2017,2017,PC,Percentage,0,Units,,,7.5,,
NLD,Netherlands,EMP11,Female share of seats on boards of the largest publicly listed companies,WOMEN,Women,TOTAL,Total,2014,2014,PC,Percentage,0,Units,,,24.9,,
NLD,Netherlands,EMP11,Female share of seats on boards of the largest publicly listed companies,WOMEN,Women,TOTAL,Total,2017,2017,PC,Percentage,0,Units,,,29.5,,
NZL,New Zealand,EMP11,Female share of seats on boards of the largest publicly listed companies,WOMEN,Women,TOTAL,Total,2017,2017,PC,Percentage,0,Units,,,30,,
NOR,Norway,EMP11,Female share of seats on boards of the largest publicly listed companies,WOMEN,Women,TOTAL,Total,2014,2014,PC,Percentage,0,Units,,,37.6,,
NOR,Norway,EMP11,Female share of seats on boards of the largest publicly listed companies,WOMEN,Women,TOTAL,Total,2017,2017,PC,Percentage,0,Units,,,42.1,,
POL,Poland,EMP11,Female share of seats on boards of the largest publicly listed companies,WOMEN,Women,TOTAL,Total,2014,2014,PC,Percentage,0,Units,,,14.6,,
POL,Poland,EMP11,Female share of seats on boards of the largest publicly listed companies,WOMEN,Women,TOTAL,Total,2017,2017,PC,Percentage,0,Units,,,20.1,,
PRT,Portugal,EMP11,Female share of seats on boards of the largest publicly listed companies,WOMEN,Women,TOTAL,Total,2014,2014,PC,Percentage,0,Units,,,9.5,,
PRT,Portugal,EMP11,Female share of seats on boards of the largest publicly listed companies,WOMEN,Women,TOTAL,Total,2017,2017,PC,Percentage,0,Units,,,16.2,,
SVK,Slovak Republic,EMP11,Female share of seats on boards of the largest publicly listed companies,WOMEN,Women,TOTAL,Total,2014,2014,PC,Percentage,0,Units,,,18.2,,
SVK,Slovak Republic,EMP11,Female share of seats on boards of the largest publicly listed companies,WOMEN,Women,TOTAL,Total,2017,2017,PC,Percentage,0,Units,,,15.1,,
ESP,Spain,EMP11,Female share of seats on boards of the largest publicly listed companies,WOMEN,Women,TOTAL,Total,2014,2014,PC,Percentage,0,Units,,,16.9,,
ESP,Spain,EMP11,Female share of seats on boards of the largest publicly listed companies,WOMEN,Women,TOTAL,Total,2017,2017,PC,Percentage,0,Units,,,22,,
SWE,Sweden,EMP11,Female share of seats on boards of the largest publicly listed companies,WOMEN,Women,TOTAL,Total,2014,2014,PC,Percentage,0,Units,,,27.6,,
SWE,Sweden,EMP11,Female share of seats on boards of the largest publicly listed companies,WOMEN,Women,TOTAL,Total,2017,2017,PC,Percentage,0,Units,,,36.3,,
CHE,Switzerland,EMP11,Female share of seats on boards of the largest publicly listed companies,WOMEN,Women,TOTAL,Total,2017,2017,PC,Percentage,0,Units,,,21.3,,
TUR,Turkey,EMP11,Female share of seats on boards of the largest publicly listed companies,WOMEN,Women,TOTAL,Total,2014,2014,PC,Percentage,0,Units,,,8.7,,
TUR,Turkey,EMP11,Female share of seats on boards of the largest publicly listed companies,WOMEN,Women,TOTAL,Total,2017,2017,PC,Percentage,0,Units,,,13.4,,
GBR,United Kingdom,EMP11,Female share of seats on boards of the largest publicly listed companies,WOMEN,Women,TOTAL,Total,2014,2014,PC,Percentage,0,Units,,,24.2,,
GBR,United Kingdom,EMP11,Female share of seats on boards of the largest publicly listed companies,WOMEN,Women,TOTAL,Total,2017,2017,PC,Percentage,0,Units,,,27.2,,
USA,United States,EMP11,Female share of seats on boards of the largest publicly listed companies,WOMEN,Women,TOTAL,Total,2017,2017,PC,Percentage,0,Units,,,21.7,,
BRA,Brazil,EMP11,Female share of seats on boards of the largest publicly listed companies,WOMEN,Women,TOTAL,Total,2017,2017,PC,Percentage,0,Units,,,8.4,,
CHL,Chile,EMP11,Female share of seats on boards of the largest publicly listed companies,WOMEN,Women,TOTAL,Total,2017,2017,PC,Percentage,0,Units,,,8.2,,
CHN,China (People's Republic of),EMP11,Female share of seats on boards of the largest publicly listed companies,WOMEN,Women,TOTAL,Total,2017,2017,PC,Percentage,0,Units,,,9.7,,
COL,Colombia,EMP11,Female share of seats on boards of the largest publicly listed companies,WOMEN,Women,TOTAL,Total,2017,2017,PC,Percentage,0,Units,,,15.1,,
EST,Estonia,EMP11,Female share of seats on boards of the largest publicly listed companies,WOMEN,Women,TOTAL,Total,2014,2014,PC,Percentage,0,Units,,,7.1,,
EST,Estonia,EMP11,Female share of seats on boards of the largest publicly listed companies,WOMEN,Women,TOTAL,Total,2017,2017,PC,Percentage,0,Units,,,7.4,,
IND,India,EMP11,Female share of seats on boards of the largest publicly listed companies,WOMEN,Women,TOTAL,Total,2017,2017,PC,Percentage,0,Units,,,13.8,,
IDN,Indonesia,EMP11,Female share of seats on boards of the largest publicly listed companies,WOMEN,Women,TOTAL,Total,2017,2017,PC,Percentage,0,Units,,,3.3,,
ISR,Israel,EMP11,Female share of seats on boards of the largest publicly listed companies,WOMEN,Women,TOTAL,Total,2017,2017,PC,Percentage,0,Units,,,23.1,,
LVA,Latvia,EMP11,Female share of seats on boards of the largest publicly listed companies,WOMEN,Women,TOTAL,Total,2014,2014,PC,Percentage,0,Units,,,31.7,,
LVA,Latvia,EMP11,Female share of seats on boards of the largest publicly listed companies,WOMEN,Women,TOTAL,Total,2017,2017,PC,Percentage,0,Units,,,28.8,,
LTU,Lithuania,EMP11,Female share of seats on boards of the largest publicly listed companies,WOMEN,Women,TOTAL,Total,2014,2014,PC,Percentage,0,Units,,,16.5,,
LTU,Lithuania,EMP11,Female share of seats on boards of the largest publicly listed companies,WOMEN,Women,TOTAL,Total,2016,2016,PC,Percentage,0,Units,,,14.3,,
LTU,Lithuania,EMP11,Female share of seats on boards of the largest publicly listed companies,WOMEN,Women,TOTAL,Total,2017,2017,PC,Percentage,0,Units,,,14.3,,
RUS,Russia,EMP11,Female share of seats on boards of the largest publicly listed companies,WOMEN,Women,TOTAL,Total,2016,2016,PC,Percentage,0,Units,,,6.8,,
RUS,Russia,EMP11,Female share of seats on boards of the largest publicly listed companies,WOMEN,Women,TOTAL,Total,2017,2017,PC,Percentage,0,Units,,,7,,
SVN,Slovenia,EMP11,Female share of seats on boards of the largest publicly listed companies,WOMEN,Women,TOTAL,Total,2014,2014,PC,Percentage,0,Units,,,19.9,,
SVN,Slovenia,EMP11,Female share of seats on boards of the largest publicly listed companies,WOMEN,Women,TOTAL,Total,2017,2017,PC,Percentage,0,Units,,,22.6,,
ZAF,South Africa,EMP11,Female share of seats on boards of the largest publicly listed companies,WOMEN,Women,TOTAL,Total,2017,2017,PC,Percentage,0,Units,,,21.4,,
OAVG,OECD - Average,EMP11,Female share of seats on boards of the largest publicly listed companies,WOMEN,Women,TOTAL,Total,2017,2017,PC,Percentage,0,Units,,,22.3,,
AUS,Australia,EMP11,Female share of seats on boards of the largest publicly listed companies,WOMEN,Women,TOTAL,Total,2018,2018,PC,Percentage,0,Units,,,31.5,,
AUS,Australia,EMP11,Female share of seats on boards of the largest publicly listed companies,WOMEN,Women,TOTAL,Total,2019,2019,PC,Percentage,0,Units,,,31.2,,
AUT,Austria,EMP11,Female share of seats on boards of the largest publicly listed companies,WOMEN,Women,TOTAL,Total,2018,2018,PC,Percentage,0,Units,,,26.1,,
AUT,Austria,EMP11,Female share of seats on boards of the largest publicly listed companies,WOMEN,Women,TOTAL,Total,2019,2019,PC,Percentage,0,Units,,,31.3,,
BEL,Belgium,EMP11,Female share of seats on boards of the largest publicly listed companies,WOMEN,Women,TOTAL,Total,2018,2018,PC,Percentage,0,Units,,,32,,
BEL,Belgium,EMP11,Female share of seats on boards of the largest publicly listed companies,WOMEN,Women,TOTAL,Total,2019,2019,PC,Percentage,0,Units,,,35.9,,
CAN,Canada,EMP11,Female share of seats on boards of the largest publicly listed companies,WOMEN,Women,TOTAL,Total,2018,2018,PC,Percentage,0,Units,,,27,,
CAN,Canada,EMP11,Female share of seats on boards of the largest publicly listed companies,WOMEN,Women,TOTAL,Total,2019,2019,PC,Percentage,0,Units,,,29.1,,
CZE,Czech Republic,EMP11,Female share of seats on boards of the largest publicly listed companies,WOMEN,Women,TOTAL,Total,2018,2018,PC,Percentage,0,Units,,,13.8,,
CZE,Czech Republic,EMP11,Female share of seats on boards of the largest publicly listed companies,WOMEN,Women,TOTAL,Total,2019,2019,PC,Percentage,0,Units,,,18.2,,
DNK,Denmark,EMP11,Female share of seats on boards of the largest publicly listed companies,WOMEN,Women,TOTAL,Total,2018,2018,PC,Percentage,0,Units,,,27.7,,
DNK,Denmark,EMP11,Female share of seats on boards of the largest publicly listed companies,WOMEN,Women,TOTAL,Total,2019,2019,PC,Percentage,0,Units,,,30,,
FIN,Finland,EMP11,Female share of seats on boards of the largest publicly listed companies,WOMEN,Women,TOTAL,Total,2018,2018,PC,Percentage,0,Units,,,34.5,,
FIN,Finland,EMP11,Female share of seats on boards of the largest publicly listed companies,WOMEN,Women,TOTAL,Total,2019,2019,PC,Percentage,0,Units,,,34.2,,
FRA,France,EMP11,Female share of seats on boards of the largest publicly listed companies,WOMEN,Women,TOTAL,Total,2018,2018,PC,Percentage,0,Units,,,43.9,,
FRA,France,EMP11,Female share of seats on boards of the largest publicly listed companies,WOMEN,Women,TOTAL,Total,2019,2019,PC,Percentage,0,Units,,,45.2,,
DEU,Germany,EMP11,Female share of seats on boards of the largest publicly listed companies,WOMEN,Women,TOTAL,Total,2018,2018,PC,Percentage,0,Units,,,33.8,,
DEU,Germany,EMP11,Female share of seats on boards of the largest publicly listed companies,WOMEN,Women,TOTAL,Total,2019,2019,PC,Percentage,0,Units,,,35.6,,
GRC,Greece,EMP11,Female share of seats on boards of the largest publicly listed companies,WOMEN,Women,TOTAL,Total,2018,2018,PC,Percentage,0,Units,,,9.1,,
GRC,Greece,EMP11,Female share of seats on boards of the largest publicly listed companies,WOMEN,Women,TOTAL,Total,2019,2019,PC,Percentage,0,Units,,,10.3,,
HUN,Hungary,EMP11,Female share of seats on boards of the largest publicly listed companies,WOMEN,Women,TOTAL,Total,2018,2018,PC,Percentage,0,Units,,,14.9,,
HUN,Hungary,EMP11,Female share of seats on boards of the largest publicly listed companies,WOMEN,Women,TOTAL,Total,2019,2019,PC,Percentage,0,Units,,,12.9,,
ISL,Iceland,EMP11,Female share of seats on boards of the largest publicly listed companies,WOMEN,Women,TOTAL,Total,2018,2018,PC,Percentage,0,Units,,,45.7,,
ISL,Iceland,EMP11,Female share of seats on boards of the largest publicly listed companies,WOMEN,Women,TOTAL,Total,2019,2019,PC,Percentage,0,Units,,,45.9,,
IRL,Ireland,EMP11,Female share of seats on boards of the largest publicly listed companies,WOMEN,Women,TOTAL,Total,2018,2018,PC,Percentage,0,Units,,,18.7,,
IRL,Ireland,EMP11,Female share of seats on boards of the largest publicly listed companies,WOMEN,Women,TOTAL,Total,2019,2019,PC,Percentage,0,Units,,,26,,
ITA,Italy,EMP11,Female share of seats on boards of the largest publicly listed companies,WOMEN,Women,TOTAL,Total,2018,2018,PC,Percentage,0,Units,,,36.4,,
ITA,Italy,EMP11,Female share of seats on boards of the largest publicly listed companies,WOMEN,Women,TOTAL,Total,2019,2019,PC,Percentage,0,Units,,,36.1,,
JPN,Japan,EMP11,Female share of seats on boards of the largest publicly listed companies,WOMEN,Women,TOTAL,Total,2018,2018,PC,Percentage,0,Units,,,6.4,,
JPN,Japan,EMP11,Female share of seats on boards of the largest publicly listed companies,WOMEN,Women,TOTAL,Total,2019,2019,PC,Percentage,0,Units,,,8.4,,
KOR,Korea,EMP11,Female share of seats on boards of the largest publicly listed companies,WOMEN,Women,TOTAL,Total,2018,2018,PC,Percentage,0,Units,,,2.3,,
KOR,Korea,EMP11,Female share of seats on boards of the largest publicly listed companies,WOMEN,Women,TOTAL,Total,2019,2019,PC,Percentage,0,Units,,,3.3,,
LUX,Luxembourg,EMP11,Female share of seats on boards of the largest publicly listed companies,WOMEN,Women,TOTAL,Total,2018,2018,PC,Percentage,0,Units,,,13.3,,
LUX,Luxembourg,EMP11,Female share of seats on boards of the largest publicly listed companies,WOMEN,Women,TOTAL,Total,2019,2019,PC,Percentage,0,Units,,,13.1,,
MEX,Mexico,EMP11,Female share of seats on boards of the largest publicly listed companies,WOMEN,Women,TOTAL,Total,2018,2018,PC,Percentage,0,Units,,,7.3,,
MEX,Mexico,EMP11,Female share of seats on boards of the largest publicly listed companies,WOMEN,Women,TOTAL,Total,2019,2019,PC,Percentage,0,Units,,,8.1,,
NLD,Netherlands,EMP11,Female share of seats on boards of the largest publicly listed companies,WOMEN,Women,TOTAL,Total,2018,2018,PC,Percentage,0,Units,,,30.7,,
NLD,Netherlands,EMP11,Female share of seats on boards of the largest publicly listed companies,WOMEN,Women,TOTAL,Total,2019,2019,PC,Percentage,0,Units,,,34.2,,
NZL,New Zealand,EMP11,Female share of seats on boards of the largest publicly listed companies,WOMEN,Women,TOTAL,Total,2018,2018,PC,Percentage,0,Units,,,30.2,,
NZL,New Zealand,EMP11,Female share of seats on boards of the largest publicly listed companies,WOMEN,Women,TOTAL,Total,2019,2019,PC,Percentage,0,Units,,,38.2,,
NOR,Norway,EMP11,Female share of seats on boards of the largest publicly listed companies,WOMEN,Women,TOTAL,Total,2018,2018,PC,Percentage,0,Units,,,40.2,,
NOR,Norway,EMP11,Female share of seats on boards of the largest publicly listed companies,WOMEN,Women,TOTAL,Total,2019,2019,PC,Percentage,0,Units,,,40.2,,
POL,Poland,EMP11,Female share of seats on boards of the largest publicly listed companies,WOMEN,Women,TOTAL,Total,2018,2018,PC,Percentage,0,Units,,,21,,
POL,Poland,EMP11,Female share of seats on boards of the largest publicly listed companies,WOMEN,Women,TOTAL,Total,2019,2019,PC,Percentage,0,Units,,,23.5,,
PRT,Portugal,EMP11,Female share of seats on boards of the largest publicly listed companies,WOMEN,Women,TOTAL,Total,2018,2018,PC,Percentage,0,Units,,,21.6,,
PRT,Portugal,EMP11,Female share of seats on boards of the largest publicly listed companies,WOMEN,Women,TOTAL,Total,2019,2019,PC,Percentage,0,Units,,,24.6,,
SVK,Slovak Republic,EMP11,Female share of seats on boards of the largest publicly listed companies,WOMEN,Women,TOTAL,Total,2018,2018,PC,Percentage,0,Units,,,24.1,,
SVK,Slovak Republic,EMP11,Female share of seats on boards of the largest publicly listed companies,WOMEN,Women,TOTAL,Total,2019,2019,PC,Percentage,0,Units,,,29.1,,
ESP,Spain,EMP11,Female share of seats on boards of the largest publicly listed companies,WOMEN,Women,TOTAL,Total,2018,2018,PC,Percentage,0,Units,,,23.7,,
ESP,Spain,EMP11,Female share of seats on boards of the largest publicly listed companies,WOMEN,Women,TOTAL,Total,2019,2019,PC,Percentage,0,Units,,,26.4,,
SWE,Sweden,EMP11,Female share of seats on boards of the largest publicly listed companies,WOMEN,Women,TOTAL,Total,2018,2018,PC,Percentage,0,Units,,,36.1,,
SWE,Sweden,EMP11,Female share of seats on boards of the largest publicly listed companies,WOMEN,Women,TOTAL,Total,2019,2019,PC,Percentage,0,Units,,,37.5,,
CHE,Switzerland,EMP11,Female share of seats on boards of the largest publicly listed companies,WOMEN,Women,TOTAL,Total,2018,2018,PC,Percentage,0,Units,,,22.3,,
CHE,Switzerland,EMP11,Female share of seats on boards of the largest publicly listed companies,WOMEN,Women,TOTAL,Total,2019,2019,PC,Percentage,0,Units,,,24.9,,
TUR,Turkey,EMP11,Female share of seats on boards of the largest publicly listed companies,WOMEN,Women,TOTAL,Total,2018,2018,PC,Percentage,0,Units,,,15.3,,
TUR,Turkey,EMP11,Female share of seats on boards of the largest publicly listed companies,WOMEN,Women,TOTAL,Total,2019,2019,PC,Percentage,0,Units,,,18.1,,
GBR,United Kingdom,EMP11,Female share of seats on boards of the largest publicly listed companies,WOMEN,Women,TOTAL,Total,2018,2018,PC,Percentage,0,Units,,,29.9,,
GBR,United Kingdom,EMP11,Female share of seats on boards of the largest publicly listed companies,WOMEN,Women,TOTAL,Total,2019,2019,PC,Percentage,0,Units,,,32.6,,
USA,United States,EMP11,Female share of seats on boards of the largest publicly listed companies,WOMEN,Women,TOTAL,Total,2018,2018,PC,Percentage,0,Units,,,23.4,,
USA,United States,EMP11,Female share of seats on boards of the largest publicly listed companies,WOMEN,Women,TOTAL,Total,2019,2019,PC,Percentage,0,Units,,,26.1,,
BRA,Brazil,EMP11,Female share of seats on boards of the largest publicly listed companies,WOMEN,Women,TOTAL,Total,2018,2018,PC,Percentage,0,Units,,,8,,
BRA,Brazil,EMP11,Female share of seats on boards of the largest publicly listed companies,WOMEN,Women,TOTAL,Total,2019,2019,PC,Percentage,0,Units,,,11.9,,
CHL,Chile,EMP11,Female share of seats on boards of the largest publicly listed companies,WOMEN,Women,TOTAL,Total,2018,2018,PC,Percentage,0,Units,,,8.4,,
CHL,Chile,EMP11,Female share of seats on boards of the largest publicly listed companies,WOMEN,Women,TOTAL,Total,2019,2019,PC,Percentage,0,Units,,,8.5,,
CHN,China (People's Republic of),EMP11,Female share of seats on boards of the largest publicly listed companies,WOMEN,Women,TOTAL,Total,2018,2018,PC,Percentage,0,Units,,,11.1,,
CHN,China (People's Republic of),EMP11,Female share of seats on boards of the largest publicly listed companies,WOMEN,Women,TOTAL,Total,2019,2019,PC,Percentage,0,Units,,,11.4,,
COL,Colombia,EMP11,Female share of seats on boards of the largest publicly listed companies,WOMEN,Women,TOTAL,Total,2018,2018,PC,Percentage,0,Units,,,13.2,,
COL,Colombia,EMP11,Female share of seats on boards of the largest publicly listed companies,WOMEN,Women,TOTAL,Total,2019,2019,PC,Percentage,0,Units,,,13.5,,
EST,Estonia,EMP11,Female share of seats on boards of the largest publicly listed companies,WOMEN,Women,TOTAL,Total,2018,2018,PC,Percentage,0,Units,,,8,,
EST,Estonia,EMP11,Female share of seats on boards of the largest publicly listed companies,WOMEN,Women,TOTAL,Total,2019,2019,PC,Percentage,0,Units,,,9.4,,
IND,India,EMP11,Female share of seats on boards of the largest publicly listed companies,WOMEN,Women,TOTAL,Total,2018,2018,PC,Percentage,0,Units,,,14,,
IND,India,EMP11,Female share of seats on boards of the largest publicly listed companies,WOMEN,Women,TOTAL,Total,2019,2019,PC,Percentage,0,Units,,,15.9,,
IDN,Indonesia,EMP11,Female share of seats on boards of the largest publicly listed companies,WOMEN,Women,TOTAL,Total,2018,2018,PC,Percentage,0,Units,,,3.3,,
IDN,Indonesia,EMP11,Female share of seats on boards of the largest publicly listed companies,WOMEN,Women,TOTAL,Total,2019,2019,PC,Percentage,0,Units,,,10.1,,
ISR,Israel,EMP11,Female share of seats on boards of the largest publicly listed companies,WOMEN,Women,TOTAL,Total,2018,2018,PC,Percentage,0,Units,,,24.5,,
ISR,Israel,EMP11,Female share of seats on boards of the largest publicly listed companies,WOMEN,Women,TOTAL,Total,2019,2019,PC,Percentage,0,Units,,,21.6,,
LVA,Latvia,EMP11,Female share of seats on boards of the largest publicly listed companies,WOMEN,Women,TOTAL,Total,2018,2018,PC,Percentage,0,Units,,,29,,
LVA,Latvia,EMP11,Female share of seats on boards of the largest publicly listed companies,WOMEN,Women,TOTAL,Total,2019,2019,PC,Percentage,0,Units,,,31.7,,
LTU,Lithuania,EMP11,Female share of seats on boards of the largest publicly listed companies,WOMEN,Women,TOTAL,Total,2018,2018,PC,Percentage,0,Units,,,10.8,,
LTU,Lithuania,EMP11,Female share of seats on boards of the largest publicly listed companies,WOMEN,Women,TOTAL,Total,2019,2019,PC,Percentage,0,Units,,,12,,
RUS,Russia,EMP11,Female share of seats on boards of the largest publicly listed companies,WOMEN,Women,TOTAL,Total,2018,2018,PC,Percentage,0,Units,,,9.2,,
RUS,Russia,EMP11,Female share of seats on boards of the largest publicly listed companies,WOMEN,Women,TOTAL,Total,2019,2019,PC,Percentage,0,Units,,,10.6,,
SVN,Slovenia,EMP11,Female share of seats on boards of the largest publicly listed companies,WOMEN,Women,TOTAL,Total,2018,2018,PC,Percentage,0,Units,,,27.9,,
SVN,Slovenia,EMP11,Female share of seats on boards of the largest publicly listed companies,WOMEN,Women,TOTAL,Total,2019,2019,PC,Percentage,0,Units,,,24.6,,
ZAF,South Africa,EMP11,Female share of seats on boards of the largest publicly listed companies,WOMEN,Women,TOTAL,Total,2018,2018,PC,Percentage,0,Units,,,24.6,,
ZAF,South Africa,EMP11,Female share of seats on boards of the largest publicly listed companies,WOMEN,Women,TOTAL,Total,2019,2019,PC,Percentage,0,Units,,,27.7,,
OAVG,OECD - Average,EMP11,Female share of seats on boards of the largest publicly listed companies,WOMEN,Women,TOTAL,Total,2018,2018,PC,Percentage,0,Units,,,23.7,,
OAVG,OECD - Average,EMP11,Female share of seats on boards of the largest publicly listed companies,WOMEN,Women,TOTAL,Total,2019,2019,PC,Percentage,0,Units,,,25.5,,
AUS,Australia,EMP10NEW,Share of female managers,WOMEN,Women,TOTAL,Total,2014,2014,PC,Percentage,0,Units,,,36,,
AUS,Australia,EMP10NEW,Share of female managers,WOMEN,Women,TOTAL,Total,2015,2015,PC,Percentage,0,Units,,,37.2,,
AUS,Australia,EMP10NEW,Share of female managers,WOMEN,Women,TOTAL,Total,2016,2016,PC,Percentage,0,Units,,,36.3,,
AUS,Australia,EMP10NEW,Share of female managers,WOMEN,Women,TOTAL,Total,2017,2017,PC,Percentage,0,Units,,,38.2,,
AUS,Australia,EMP10NEW,Share of female managers,WOMEN,Women,TOTAL,Total,2018,2018,PC,Percentage,0,Units,,,37.3,,
AUT,Austria,EMP10NEW,Share of female managers,WOMEN,Women,TOTAL,Total,2014,2014,PC,Percentage,0,Units,,,29.9,,
AUT,Austria,EMP10NEW,Share of female managers,WOMEN,Women,TOTAL,Total,2015,2015,PC,Percentage,0,Units,,,29.3,,
AUT,Austria,EMP10NEW,Share of female managers,WOMEN,Women,TOTAL,Total,2016,2016,PC,Percentage,0,Units,,,31.5,,
AUT,Austria,EMP10NEW,Share of female managers,WOMEN,Women,TOTAL,Total,2017,2017,PC,Percentage,0,Units,,,31.4,,
AUT,Austria,EMP10NEW,Share of female managers,WOMEN,Women,TOTAL,Total,2018,2018,PC,Percentage,0,Units,,,31.1,,
BEL,Belgium,EMP10NEW,Share of female managers,WOMEN,Women,TOTAL,Total,2014,2014,PC,Percentage,0,Units,,,31.3,,
BEL,Belgium,EMP10NEW,Share of female managers,WOMEN,Women,TOTAL,Total,2015,2015,PC,Percentage,0,Units,,,32.2,,
BEL,Belgium,EMP10NEW,Share of female managers,WOMEN,Women,TOTAL,Total,2016,2016,PC,Percentage,0,Units,,,32.2,,
BEL,Belgium,EMP10NEW,Share of female managers,WOMEN,Women,TOTAL,Total,2017,2017,PC,Percentage,0,Units,,,33,,
BEL,Belgium,EMP10NEW,Share of female managers,WOMEN,Women,TOTAL,Total,2018,2018,PC,Percentage,0,Units,,,33.3,,
CAN,Canada,EMP10NEW,Share of female managers,WOMEN,Women,TOTAL,Total,2014,2014,PC,Percentage,0,Units,,,35.4,,
CAN,Canada,EMP10NEW,Share of female managers,WOMEN,Women,TOTAL,Total,2015,2015,PC,Percentage,0,Units,,,35.2,,
CAN,Canada,EMP10NEW,Share of female managers,WOMEN,Women,TOTAL,Total,2016,2016,PC,Percentage,0,Units,,,35.5,,
CAN,Canada,EMP10NEW,Share of female managers,WOMEN,Women,TOTAL,Total,2017,2017,PC,Percentage,0,Units,,,35.5,,
CAN,Canada,EMP10NEW,Share of female managers,WOMEN,Women,TOTAL,Total,2018,2018,PC,Percentage,0,Units,,,35.5,,
CZE,Czech Republic,EMP10NEW,Share of female managers,WOMEN,Women,TOTAL,Total,2014,2014,PC,Percentage,0,Units,,,27.7,,
CZE,Czech Republic,EMP10NEW,Share of female managers,WOMEN,Women,TOTAL,Total,2015,2015,PC,Percentage,0,Units,,,29.4,,
CZE,Czech Republic,EMP10NEW,Share of female managers,WOMEN,Women,TOTAL,Total,2016,2016,PC,Percentage,0,Units,,,25.3,,
CZE,Czech Republic,EMP10NEW,Share of female managers,WOMEN,Women,TOTAL,Total,2017,2017,PC,Percentage,0,Units,,,24.6,,
CZE,Czech Republic,EMP10NEW,Share of female managers,WOMEN,Women,TOTAL,Total,2018,2018,PC,Percentage,0,Units,,,26.8,,
DNK,Denmark,EMP10NEW,Share of female managers,WOMEN,Women,TOTAL,Total,2014,2014,PC,Percentage,0,Units,,,26.1,,
DNK,Denmark,EMP10NEW,Share of female managers,WOMEN,Women,TOTAL,Total,2015,2015,PC,Percentage,0,Units,,,26.7,,
DNK,Denmark,EMP10NEW,Share of female managers,WOMEN,Women,TOTAL,Total,2016,2016,PC,Percentage,0,Units,,,27.7,,
DNK,Denmark,EMP10NEW,Share of female managers,WOMEN,Women,TOTAL,Total,2017,2017,PC,Percentage,0,Units,,,26.8,,
DNK,Denmark,EMP10NEW,Share of female managers,WOMEN,Women,TOTAL,Total,2018,2018,PC,Percentage,0,Units,,,26.5,,
FIN,Finland,EMP10NEW,Share of female managers,WOMEN,Women,TOTAL,Total,2014,2014,PC,Percentage,0,Units,,,33.4,,
FIN,Finland,EMP10NEW,Share of female managers,WOMEN,Women,TOTAL,Total,2015,2015,PC,Percentage,0,Units,,,33,,
FIN,Finland,EMP10NEW,Share of female managers,WOMEN,Women,TOTAL,Total,2016,2016,PC,Percentage,0,Units,,,33.9,,
FIN,Finland,EMP10NEW,Share of female managers,WOMEN,Women,TOTAL,Total,2017,2017,PC,Percentage,0,Units,,,31.1,,
FIN,Finland,EMP10NEW,Share of female managers,WOMEN,Women,TOTAL,Total,2018,2018,PC,Percentage,0,Units,,,31.6,,
FRA,France,EMP10NEW,Share of female managers,WOMEN,Women,TOTAL,Total,2014,2014,PC,Percentage,0,Units,,,32.1,,
FRA,France,EMP10NEW,Share of female managers,WOMEN,Women,TOTAL,Total,2015,2015,PC,Percentage,0,Units,,,31.1,,
FRA,France,EMP10NEW,Share of female managers,WOMEN,Women,TOTAL,Total,2016,2016,PC,Percentage,0,Units,,,32.4,,
FRA,France,EMP10NEW,Share of female managers,WOMEN,Women,TOTAL,Total,2017,2017,PC,Percentage,0,Units,,,32.9,,
FRA,France,EMP10NEW,Share of female managers,WOMEN,Women,TOTAL,Total,2018,2018,PC,Percentage,0,Units,,,33.8,,
DEU,Germany,EMP10NEW,Share of female managers,WOMEN,Women,TOTAL,Total,2014,2014,PC,Percentage,0,Units,,,28.6,,
DEU,Germany,EMP10NEW,Share of female managers,WOMEN,Women,TOTAL,Total,2015,2015,PC,Percentage,0,Units,,,29,,
DEU,Germany,EMP10NEW,Share of female managers,WOMEN,Women,TOTAL,Total,2016,2016,PC,Percentage,0,Units,,,29.1,,
DEU,Germany,EMP10NEW,Share of female managers,WOMEN,Women,TOTAL,Total,2017,2017,PC,Percentage,0,Units,,,29.2,,
DEU,Germany,EMP10NEW,Share of female managers,WOMEN,Women,TOTAL,Total,2018,2018,PC,Percentage,0,Units,,,29.2,,
GRC,Greece,EMP10NEW,Share of female managers,WOMEN,Women,TOTAL,Total,2014,2014,PC,Percentage,0,Units,,,27.5,,
GRC,Greece,EMP10NEW,Share of female managers,WOMEN,Women,TOTAL,Total,2015,2015,PC,Percentage,0,Units,,,24.9,,
GRC,Greece,EMP10NEW,Share of female managers,WOMEN,Women,TOTAL,Total,2016,2016,PC,Percentage,0,Units,,,24.7,,
GRC,Greece,EMP10NEW,Share of female managers,WOMEN,Women,TOTAL,Total,2017,2017,PC,Percentage,0,Units,,,28.9,,
GRC,Greece,EMP10NEW,Share of female managers,WOMEN,Women,TOTAL,Total,2018,2018,PC,Percentage,0,Units,,,26.6,,
HUN,Hungary,EMP10NEW,Share of female managers,WOMEN,Women,TOTAL,Total,2014,2014,PC,Percentage,0,Units,,,39.6,,
HUN,Hungary,EMP10NEW,Share of female managers,WOMEN,Women,TOTAL,Total,2015,2015,PC,Percentage,0,Units,,,40.3,,
HUN,Hungary,EMP10NEW,Share of female managers,WOMEN,Women,TOTAL,Total,2016,2016,PC,Percentage,0,Units,,,39.2,,
HUN,Hungary,EMP10NEW,Share of female managers,WOMEN,Women,TOTAL,Total,2017,2017,PC,Percentage,0,Units,,,39.2,,
HUN,Hungary,EMP10NEW,Share of female managers,WOMEN,Women,TOTAL,Total,2018,2018,PC,Percentage,0,Units,,,38.5,,
ISL,Iceland,EMP10NEW,Share of female managers,WOMEN,Women,TOTAL,Total,2014,2014,PC,Percentage,0,Units,,,36.6,,
ISL,Iceland,EMP10NEW,Share of female managers,WOMEN,Women,TOTAL,Total,2015,2015,PC,Percentage,0,Units,,,38,,
ISL,Iceland,EMP10NEW,Share of female managers,WOMEN,Women,TOTAL,Total,2016,2016,PC,Percentage,0,Units,,,34.4,,
ISL,Iceland,EMP10NEW,Share of female managers,WOMEN,Women,TOTAL,Total,2017,2017,PC,Percentage,0,Units,,,33.2,,
ISL,Iceland,EMP10NEW,Share of female managers,WOMEN,Women,TOTAL,Total,2018,2018,PC,Percentage,0,Units,,,42.7,,
IRL,Ireland,EMP10NEW,Share of female managers,WOMEN,Women,TOTAL,Total,2014,2014,PC,Percentage,0,Units,,,33.5,,
IRL,Ireland,EMP10NEW,Share of female managers,WOMEN,Women,TOTAL,Total,2015,2015,PC,Percentage,0,Units,,,34.4,,
IRL,Ireland,EMP10NEW,Share of female managers,WOMEN,Women,TOTAL,Total,2016,2016,PC,Percentage,0,Units,,,36.1,,
IRL,Ireland,EMP10NEW,Share of female managers,WOMEN,Women,TOTAL,Total,2017,2017,PC,Percentage,0,Units,,,36,,
IRL,Ireland,EMP10NEW,Share of female managers,WOMEN,Women,TOTAL,Total,2018,2018,PC,Percentage,0,Units,,,35.8,,
ITA,Italy,EMP10NEW,Share of female managers,WOMEN,Women,TOTAL,Total,2014,2014,PC,Percentage,0,Units,,,26.2,,
ITA,Italy,EMP10NEW,Share of female managers,WOMEN,Women,TOTAL,Total,2015,2015,PC,Percentage,0,Units,,,26.1,,
ITA,Italy,EMP10NEW,Share of female managers,WOMEN,Women,TOTAL,Total,2016,2016,PC,Percentage,0,Units,,,27.2,,
ITA,Italy,EMP10NEW,Share of female managers,WOMEN,Women,TOTAL,Total,2017,2017,PC,Percentage,0,Units,,,27.1,,
ITA,Italy,EMP10NEW,Share of female managers,WOMEN,Women,TOTAL,Total,2018,2018,PC,Percentage,0,Units,,,26.6,,
JPN,Japan,EMP10NEW,Share of female managers,WOMEN,Women,TOTAL,Total,2014,2014,PC,Percentage,0,Units,,,11.3,,
JPN,Japan,EMP10NEW,Share of female managers,WOMEN,Women,TOTAL,Total,2015,2015,PC,Percentage,0,Units,,,12.2,,
JPN,Japan,EMP10NEW,Share of female managers,WOMEN,Women,TOTAL,Total,2016,2016,PC,Percentage,0,Units,,,12.9,,
JPN,Japan,EMP10NEW,Share of female managers,WOMEN,Women,TOTAL,Total,2017,2017,PC,Percentage,0,Units,,,13,,
JPN,Japan,EMP10NEW,Share of female managers,WOMEN,Women,TOTAL,Total,2018,2018,PC,Percentage,0,Units,,,14.8,,
KOR,Korea,EMP10NEW,Share of female managers,WOMEN,Women,TOTAL,Total,2014,2014,PC,Percentage,0,Units,,,11.1,,
KOR,Korea,EMP10NEW,Share of female managers,WOMEN,Women,TOTAL,Total,2015,2015,PC,Percentage,0,Units,,,10.2,,
KOR,Korea,EMP10NEW,Share of female managers,WOMEN,Women,TOTAL,Total,2016,2016,PC,Percentage,0,Units,,,9.5,,
KOR,Korea,EMP10NEW,Share of female managers,WOMEN,Women,TOTAL,Total,2017,2017,PC,Percentage,0,Units,,,12.1,,
KOR,Korea,EMP10NEW,Share of female managers,WOMEN,Women,TOTAL,Total,2018,2018,PC,Percentage,0,Units,,,12.5,,
LUX,Luxembourg,EMP10NEW,Share of female managers,WOMEN,Women,TOTAL,Total,2014,2014,PC,Percentage,0,Units,,,22.1,,
LUX,Luxembourg,EMP10NEW,Share of female managers,WOMEN,Women,TOTAL,Total,2015,2015,PC,Percentage,0,Units,,,17.9,,
LUX,Luxembourg,EMP10NEW,Share of female managers,WOMEN,Women,TOTAL,Total,2016,2016,PC,Percentage,0,Units,,,17.5,,
LUX,Luxembourg,EMP10NEW,Share of female managers,WOMEN,Women,TOTAL,Total,2017,2017,PC,Percentage,0,Units,,,18.2,,
LUX,Luxembourg,EMP10NEW,Share of female managers,WOMEN,Women,TOTAL,Total,2018,2018,PC,Percentage,0,Units,,,24,,
MEX,Mexico,EMP10NEW,Share of female managers,WOMEN,Women,TOTAL,Total,2014,2014,PC,Percentage,0,Units,,,34.4,,
MEX,Mexico,EMP10NEW,Share of female managers,WOMEN,Women,TOTAL,Total,2015,2015,PC,Percentage,0,Units,,,35,,
MEX,Mexico,EMP10NEW,Share of female managers,WOMEN,Women,TOTAL,Total,2016,2016,PC,Percentage,0,Units,,,35,,
MEX,Mexico,EMP10NEW,Share of female managers,WOMEN,Women,TOTAL,Total,2017,2017,PC,Percentage,0,Units,,,35.6,,
MEX,Mexico,EMP10NEW,Share of female managers,WOMEN,Women,TOTAL,Total,2018,2018,PC,Percentage,0,Units,,,35.1,,
NLD,Netherlands,EMP10NEW,Share of female managers,WOMEN,Women,TOTAL,Total,2014,2014,PC,Percentage,0,Units,,,25,,
NLD,Netherlands,EMP10NEW,Share of female managers,WOMEN,Women,TOTAL,Total,2015,2015,PC,Percentage,0,Units,,,25.5,,
NLD,Netherlands,EMP10NEW,Share of female managers,WOMEN,Women,TOTAL,Total,2016,2016,PC,Percentage,0,Units,,,24.9,,
NLD,Netherlands,EMP10NEW,Share of female managers,WOMEN,Women,TOTAL,Total,2017,2017,PC,Percentage,0,Units,,,26,,
NLD,Netherlands,EMP10NEW,Share of female managers,WOMEN,Women,TOTAL,Total,2018,2018,PC,Percentage,0,Units,,,25.1,,
NZL,New Zealand,EMP10NEW,Share of female managers,WOMEN,Women,TOTAL,Total,2014,2014,PC,Percentage,0,Units,,,40.3,,
NZL,New Zealand,EMP10NEW,Share of female managers,WOMEN,Women,TOTAL,Total,2015,2015,PC,Percentage,0,Units,,,40.5,,
NZL,New Zealand,EMP10NEW,Share of female managers,WOMEN,Women,TOTAL,Total,2016,2016,PC,Percentage,0,Units,,,40.8,,
NZL,New Zealand,EMP10NEW,Share of female managers,WOMEN,Women,TOTAL,Total,2017,2017,PC,Percentage,0,Units,,,40.8,,
NZL,New Zealand,EMP10NEW,Share of female managers,WOMEN,Women,TOTAL,Total,2018,2018,PC,Percentage,0,Units,,,41.3,,
NOR,Norway,EMP10NEW,Share of female managers,WOMEN,Women,TOTAL,Total,2014,2014,PC,Percentage,0,Units,,,35.4,,
NOR,Norway,EMP10NEW,Share of female managers,WOMEN,Women,TOTAL,Total,2015,2015,PC,Percentage,0,Units,,,35.9,,
NOR,Norway,EMP10NEW,Share of female managers,WOMEN,Women,TOTAL,Total,2016,2016,PC,Percentage,0,Units,,,37.7,,
NOR,Norway,EMP10NEW,Share of female managers,WOMEN,Women,TOTAL,Total,2017,2017,PC,Percentage,0,Units,,,38.1,,
NOR,Norway,EMP10NEW,Share of female managers,WOMEN,Women,TOTAL,Total,2018,2018,PC,Percentage,0,Units,,,35.4,,
POL,Poland,EMP10NEW,Share of female managers,WOMEN,Women,TOTAL,Total,2014,2014,PC,Percentage,0,Units,,,38.4,,
POL,Poland,EMP10NEW,Share of female managers,WOMEN,Women,TOTAL,Total,2015,2015,PC,Percentage,0,Units,,,39.7,,
POL,Poland,EMP10NEW,Share of female managers,WOMEN,Women,TOTAL,Total,2016,2016,PC,Percentage,0,Units,,,40.6,,
POL,Poland,EMP10NEW,Share of female managers,WOMEN,Women,TOTAL,Total,2017,2017,PC,Percentage,0,Units,,,40.6,,
POL,Poland,EMP10NEW,Share of female managers,WOMEN,Women,TOTAL,Total,2018,2018,PC,Percentage,0,Units,,,41.8,,
PRT,Portugal,EMP10NEW,Share of female managers,WOMEN,Women,TOTAL,Total,2014,2014,PC,Percentage,0,Units,,,34.9,,
PRT,Portugal,EMP10NEW,Share of female managers,WOMEN,Women,TOTAL,Total,2015,2015,PC,Percentage,0,Units,,,32.4,,
PRT,Portugal,EMP10NEW,Share of female managers,WOMEN,Women,TOTAL,Total,2016,2016,PC,Percentage,0,Units,,,35.7,,
PRT,Portugal,EMP10NEW,Share of female managers,WOMEN,Women,TOTAL,Total,2017,2017,PC,Percentage,0,Units,,,34.1,,
PRT,Portugal,EMP10NEW,Share of female managers,WOMEN,Women,TOTAL,Total,2018,2018,PC,Percentage,0,Units,,,33.7,,
SVK,Slovak Republic,EMP10NEW,Share of female managers,WOMEN,Women,TOTAL,Total,2014,2014,PC,Percentage,0,Units,,,30.1,,
SVK,Slovak Republic,EMP10NEW,Share of female managers,WOMEN,Women,TOTAL,Total,2015,2015,PC,Percentage,0,Units,,,31.3,,
SVK,Slovak Republic,EMP10NEW,Share of female managers,WOMEN,Women,TOTAL,Total,2016,2016,PC,Percentage,0,Units,,,35.1,,
SVK,Slovak Republic,EMP10NEW,Share of female managers,WOMEN,Women,TOTAL,Total,2017,2017,PC,Percentage,0,Units,,,32.8,,
SVK,Slovak Republic,EMP10NEW,Share of female managers,WOMEN,Women,TOTAL,Total,2018,2018,PC,Percentage,0,Units,,,32.1,,
ESP,Spain,EMP10NEW,Share of female managers,WOMEN,Women,TOTAL,Total,2014,2014,PC,Percentage,0,Units,,,30.6,,
ESP,Spain,EMP10NEW,Share of female managers,WOMEN,Women,TOTAL,Total,2015,2015,PC,Percentage,0,Units,,,31.1,,
ESP,Spain,EMP10NEW,Share of female managers,WOMEN,Women,TOTAL,Total,2016,2016,PC,Percentage,0,Units,,,30.9,,
ESP,Spain,EMP10NEW,Share of female managers,WOMEN,Women,TOTAL,Total,2017,2017,PC,Percentage,0,Units,,,30.2,,
ESP,Spain,EMP10NEW,Share of female managers,WOMEN,Women,TOTAL,Total,2018,2018,PC,Percentage,0,Units,,,31.7,,
SWE,Sweden,EMP10NEW,Share of female managers,WOMEN,Women,TOTAL,Total,2014,2014,PC,Percentage,0,Units,,,37,,
SWE,Sweden,EMP10NEW,Share of female managers,WOMEN,Women,TOTAL,Total,2015,2015,PC,Percentage,0,Units,,,39.5,,
SWE,Sweden,EMP10NEW,Share of female managers,WOMEN,Women,TOTAL,Total,2016,2016,PC,Percentage,0,Units,,,39.2,,
SWE,Sweden,EMP10NEW,Share of female managers,WOMEN,Women,TOTAL,Total,2017,2017,PC,Percentage,0,Units,,,38.9,,
SWE,Sweden,EMP10NEW,Share of female managers,WOMEN,Women,TOTAL,Total,2018,2018,PC,Percentage,0,Units,,,38.6,,
CHE,Switzerland,EMP10NEW,Share of female managers,WOMEN,Women,TOTAL,Total,2014,2014,PC,Percentage,0,Units,,,34.4,,
CHE,Switzerland,EMP10NEW,Share of female managers,WOMEN,Women,TOTAL,Total,2015,2015,PC,Percentage,0,Units,,,35.6,,
CHE,Switzerland,EMP10NEW,Share of female managers,WOMEN,Women,TOTAL,Total,2016,2016,PC,Percentage,0,Units,,,35.9,,
CHE,Switzerland,EMP10NEW,Share of female managers,WOMEN,Women,TOTAL,Total,2017,2017,PC,Percentage,0,Units,,,33.9,,
CHE,Switzerland,EMP10NEW,Share of female managers,WOMEN,Women,TOTAL,Total,2018,2018,PC,Percentage,0,Units,,,34.5,,
TUR,Turkey,EMP10NEW,Share of female managers,WOMEN,Women,TOTAL,Total,2014,2014,PC,Percentage,0,Units,,,13.8,,
TUR,Turkey,EMP10NEW,Share of female managers,WOMEN,Women,TOTAL,Total,2015,2015,PC,Percentage,0,Units,,,13.6,,
TUR,Turkey,EMP10NEW,Share of female managers,WOMEN,Women,TOTAL,Total,2016,2016,PC,Percentage,0,Units,,,15.5,,
TUR,Turkey,EMP10NEW,Share of female managers,WOMEN,Women,TOTAL,Total,2017,2017,PC,Percentage,0,Units,,,15.4,,
TUR,Turkey,EMP10NEW,Share of female managers,WOMEN,Women,TOTAL,Total,2018,2018,PC,Percentage,0,Units,,,15.2,,
GBR,United Kingdom,EMP10NEW,Share of female managers,WOMEN,Women,TOTAL,Total,2014,2014,PC,Percentage,0,Units,,,34.9,,
GBR,United Kingdom,EMP10NEW,Share of female managers,WOMEN,Women,TOTAL,Total,2015,2015,PC,Percentage,0,Units,,,35,,
GBR,United Kingdom,EMP10NEW,Share of female managers,WOMEN,Women,TOTAL,Total,2016,2016,PC,Percentage,0,Units,,,35.7,,
GBR,United Kingdom,EMP10NEW,Share of female managers,WOMEN,Women,TOTAL,Total,2017,2017,PC,Percentage,0,Units,,,35.9,,
GBR,United Kingdom,EMP10NEW,Share of female managers,WOMEN,Women,TOTAL,Total,2018,2018,PC,Percentage,0,Units,,,36,,
USA,United States,EMP10NEW,Share of female managers,WOMEN,Women,TOTAL,Total,2014,2014,PC,Percentage,0,Units,,,38,,
USA,United States,EMP10NEW,Share of female managers,WOMEN,Women,TOTAL,Total,2015,2015,PC,Percentage,0,Units,,,38.5,,
USA,United States,EMP10NEW,Share of female managers,WOMEN,Women,TOTAL,Total,2016,2016,PC,Percentage,0,Units,,,38.8,,
USA,United States,EMP10NEW,Share of female managers,WOMEN,Women,TOTAL,Total,2017,2017,PC,Percentage,0,Units,,,39.5,,
USA,United States,EMP10NEW,Share of female managers,WOMEN,Women,TOTAL,Total,2018,2018,PC,Percentage,0,Units,,,39.8,,
BRA,Brazil,EMP10NEW,Share of female managers,WOMEN,Women,TOTAL,Total,2014,2014,PC,Percentage,0,Units,,,37.3,,
BRA,Brazil,EMP10NEW,Share of female managers,WOMEN,Women,TOTAL,Total,2015,2015,PC,Percentage,0,Units,,,38,,
BRA,Brazil,EMP10NEW,Share of female managers,WOMEN,Women,TOTAL,Total,2016,2016,PC,Percentage,0,Units,,,38.4,,
BRA,Brazil,EMP10NEW,Share of female managers,WOMEN,Women,TOTAL,Total,2017,2017,PC,Percentage,0,Units,,,38.5,,
BRA,Brazil,EMP10NEW,Share of female managers,WOMEN,Women,TOTAL,Total,2018,2018,PC,Percentage,0,Units,,,38.1,,
CHL,Chile,EMP10NEW,Share of female managers,WOMEN,Women,TOTAL,Total,2014,2014,PC,Percentage,0,Units,,,26.9,,
CHL,Chile,EMP10NEW,Share of female managers,WOMEN,Women,TOTAL,Total,2015,2015,PC,Percentage,0,Units,,,27.1,,
CHL,Chile,EMP10NEW,Share of female managers,WOMEN,Women,TOTAL,Total,2016,2016,PC,Percentage,0,Units,,,27.7,,
CHL,Chile,EMP10NEW,Share of female managers,WOMEN,Women,TOTAL,Total,2017,2017,PC,Percentage,0,Units,,,26.8,,
CHL,Chile,EMP10NEW,Share of female managers,WOMEN,Women,TOTAL,Total,2018,2018,PC,Percentage,0,Units,,,27.5,,
CHN,China (People's Republic of),EMP10NEW,Share of female managers,WOMEN,Women,TOTAL,Total,2014,2014,PC,Percentage,0,Units,,,26.8,,
CHN,China (People's Republic of),EMP10NEW,Share of female managers,WOMEN,Women,TOTAL,Total,2015,2015,PC,Percentage,0,Units,,,27.3,,
CHN,China (People's Republic of),EMP10NEW,Share of female managers,WOMEN,Women,TOTAL,Total,2016,2016,PC,Percentage,0,Units,,,27.8,,
CHN,China (People's Republic of),EMP10NEW,Share of female managers,WOMEN,Women,TOTAL,Total,2017,2017,PC,Percentage,0,Units,,,28,,
CHN,China (People's Republic of),EMP10NEW,Share of female managers,WOMEN,Women,TOTAL,Total,2018,2018,PC,Percentage,0,Units,,,28.4,,
COL,Colombia,EMP10NEW,Share of female managers,WOMEN,Women,TOTAL,Total,2014,2014,PC,Percentage,0,Units,,,56.8,,
COL,Colombia,EMP10NEW,Share of female managers,WOMEN,Women,TOTAL,Total,2015,2015,PC,Percentage,0,Units,,,57.1,,
COL,Colombia,EMP10NEW,Share of female managers,WOMEN,Women,TOTAL,Total,2016,2016,PC,Percentage,0,Units,,,57.1,,
COL,Colombia,EMP10NEW,Share of female managers,WOMEN,Women,TOTAL,Total,2017,2017,PC,Percentage,0,Units,,,57,,
COL,Colombia,EMP10NEW,Share of female managers,WOMEN,Women,TOTAL,Total,2018,2018,PC,Percentage,0,Units,,,57,,
CRI,Costa Rica,EMP10NEW,Share of female managers,WOMEN,Women,TOTAL,Total,2014,2014,PC,Percentage,0,Units,,,31.7,,
CRI,Costa Rica,EMP10NEW,Share of female managers,WOMEN,Women,TOTAL,Total,2015,2015,PC,Percentage,0,Units,,,27.9,,
CRI,Costa Rica,EMP10NEW,Share of female managers,WOMEN,Women,TOTAL,Total,2016,2016,PC,Percentage,0,Units,,,31.8,,
CRI,Costa Rica,EMP10NEW,Share of female managers,WOMEN,Women,TOTAL,Total,2017,2017,PC,Percentage,0,Units,,,34.7,,
CRI,Costa Rica,EMP10NEW,Share of female managers,WOMEN,Women,TOTAL,Total,2018,2018,PC,Percentage,0,Units,,,32,,
EST,Estonia,EMP10NEW,Share of female managers,WOMEN,Women,TOTAL,Total,2014,2014,PC,Percentage,0,Units,,,32.3,,
EST,Estonia,EMP10NEW,Share of female managers,WOMEN,Women,TOTAL,Total,2015,2015,PC,Percentage,0,Units,,,30.5,,
EST,Estonia,EMP10NEW,Share of female managers,WOMEN,Women,TOTAL,Total,2016,2016,PC,Percentage,0,Units,,,35.8,,
EST,Estonia,EMP10NEW,Share of female managers,WOMEN,Women,TOTAL,Total,2017,2017,PC,Percentage,0,Units,,,38,,
EST,Estonia,EMP10NEW,Share of female managers,WOMEN,Women,TOTAL,Total,2018,2018,PC,Percentage,0,Units,,,35.6,,
IND,India,EMP10NEW,Share of female managers,WOMEN,Women,TOTAL,Total,2014,2014,PC,Percentage,0,Units,,,12.4,,
IND,India,EMP10NEW,Share of female managers,WOMEN,Women,TOTAL,Total,2015,2015,PC,Percentage,0,Units,,,12.5,,
IND,India,EMP10NEW,Share of female managers,WOMEN,Women,TOTAL,Total,2016,2016,PC,Percentage,0,Units,,,12.6,,
IND,India,EMP10NEW,Share of female managers,WOMEN,Women,TOTAL,Total,2017,2017,PC,Percentage,0,Units,,,12.7,,
IND,India,EMP10NEW,Share of female managers,WOMEN,Women,TOTAL,Total,2018,2018,PC,Percentage,0,Units,,,12.7,,
IDN,Indonesia,EMP10NEW,Share of female managers,WOMEN,Women,TOTAL,Total,2014,2014,PC,Percentage,0,Units,,,26.9,,
IDN,Indonesia,EMP10NEW,Share of female managers,WOMEN,Women,TOTAL,Total,2015,2015,PC,Percentage,0,Units,,,25.8,,
IDN,Indonesia,EMP10NEW,Share of female managers,WOMEN,Women,TOTAL,Total,2016,2016,PC,Percentage,0,Units,,,26.5,,
IDN,Indonesia,EMP10NEW,Share of female managers,WOMEN,Women,TOTAL,Total,2017,2017,PC,Percentage,0,Units,,,27.1,,
IDN,Indonesia,EMP10NEW,Share of female managers,WOMEN,Women,TOTAL,Total,2018,2018,PC,Percentage,0,Units,,,27.7,,
ISR,Israel,EMP10NEW,Share of female managers,WOMEN,Women,TOTAL,Total,2014,2014,PC,Percentage,0,Units,,,31.9,,
ISR,Israel,EMP10NEW,Share of female managers,WOMEN,Women,TOTAL,Total,2015,2015,PC,Percentage,0,Units,,,31.2,,
ISR,Israel,EMP10NEW,Share of female managers,WOMEN,Women,TOTAL,Total,2016,2016,PC,Percentage,0,Units,,,33.1,,
ISR,Israel,EMP10NEW,Share of female managers,WOMEN,Women,TOTAL,Total,2017,2017,PC,Percentage,0,Units,,,33.5,,
ISR,Israel,EMP10NEW,Share of female managers,WOMEN,Women,TOTAL,Total,2018,2018,PC,Percentage,0,Units,,,33.9,,
LVA,Latvia,EMP10NEW,Share of female managers,WOMEN,Women,TOTAL,Total,2014,2014,PC,Percentage,0,Units,,,43.5,,
LVA,Latvia,EMP10NEW,Share of female managers,WOMEN,Women,TOTAL,Total,2015,2015,PC,Percentage,0,Units,,,43.9,,
LVA,Latvia,EMP10NEW,Share of female managers,WOMEN,Women,TOTAL,Total,2016,2016,PC,Percentage,0,Units,,,46.8,,
LVA,Latvia,EMP10NEW,Share of female managers,WOMEN,Women,TOTAL,Total,2017,2017,PC,Percentage,0,Units,,,45.7,,
LVA,Latvia,EMP10NEW,Share of female managers,WOMEN,Women,TOTAL,Total,2018,2018,PC,Percentage,0,Units,,,44.4,,
LTU,Lithuania,EMP10NEW,Share of female managers,WOMEN,Women,TOTAL,Total,2014,2014,PC,Percentage,0,Units,,,38.4,,
LTU,Lithuania,EMP10NEW,Share of female managers,WOMEN,Women,TOTAL,Total,2015,2015,PC,Percentage,0,Units,,,39.4,,
LTU,Lithuania,EMP10NEW,Share of female managers,WOMEN,Women,TOTAL,Total,2016,2016,PC,Percentage,0,Units,,,39.1,,
LTU,Lithuania,EMP10NEW,Share of female managers,WOMEN,Women,TOTAL,Total,2017,2017,PC,Percentage,0,Units,,,39,,
LTU,Lithuania,EMP10NEW,Share of female managers,WOMEN,Women,TOTAL,Total,2018,2018,PC,Percentage,0,Units,,,39.1,,
RUS,Russia,EMP10NEW,Share of female managers,WOMEN,Women,TOTAL,Total,2014,2014,PC,Percentage,0,Units,,,41.4,,
RUS,Russia,EMP10NEW,Share of female managers,WOMEN,Women,TOTAL,Total,2015,2015,PC,Percentage,0,Units,,,42.1,,
RUS,Russia,EMP10NEW,Share of female managers,WOMEN,Women,TOTAL,Total,2016,2016,PC,Percentage,0,Units,,,42,,
RUS,Russia,EMP10NEW,Share of female managers,WOMEN,Women,TOTAL,Total,2017,2017,PC,Percentage,0,Units,,,41.3,,
RUS,Russia,EMP10NEW,Share of female managers,WOMEN,Women,TOTAL,Total,2018,2018,PC,Percentage,0,Units,,,41.8,,
SVN,Slovenia,EMP10NEW,Share of female managers,WOMEN,Women,TOTAL,Total,2014,2014,PC,Percentage,0,Units,,,37.1,,
SVN,Slovenia,EMP10NEW,Share of female managers,WOMEN,Women,TOTAL,Total,2015,2015,PC,Percentage,0,Units,,,36.9,,
SVN,Slovenia,EMP10NEW,Share of female managers,WOMEN,Women,TOTAL,Total,2016,2016,PC,Percentage,0,Units,,,40.2,,
SVN,Slovenia,EMP10NEW,Share of female managers,WOMEN,Women,TOTAL,Total,2017,2017,PC,Percentage,0,Units,,,40.7,,
SVN,Slovenia,EMP10NEW,Share of female managers,WOMEN,Women,TOTAL,Total,2018,2018,PC,Percentage,0,Units,,,38.3,,
ZAF,South Africa,EMP10NEW,Share of female managers,WOMEN,Women,TOTAL,Total,2014,2014,PC,Percentage,0,Units,,,30.7,,
ZAF,South Africa,EMP10NEW,Share of female managers,WOMEN,Women,TOTAL,Total,2015,2015,PC,Percentage,0,Units,,,30.4,,
ZAF,South Africa,EMP10NEW,Share of female managers,WOMEN,Women,TOTAL,Total,2016,2016,PC,Percentage,0,Units,,,31.3,,
ZAF,South Africa,EMP10NEW,Share of female managers,WOMEN,Women,TOTAL,Total,2017,2017,PC,Percentage,0,Units,,,31.9,,
ZAF,South Africa,EMP10NEW,Share of female managers,WOMEN,Women,TOTAL,Total,2018,2018,PC,Percentage,0,Units,,,30.4,,
OAVG,OECD - Average,EMP10NEW,Share of female managers,WOMEN,Women,TOTAL,Total,2014,2014,PC,Percentage,0,Units,,,31.3,,
OAVG,OECD - Average,EMP10NEW,Share of female managers,WOMEN,Women,TOTAL,Total,2015,2015,PC,Percentage,0,Units,,,31.4,,
OAVG,OECD - Average,EMP10NEW,Share of female managers,WOMEN,Women,TOTAL,Total,2016,2016,PC,Percentage,0,Units,,,32,,
OAVG,OECD - Average,EMP10NEW,Share of female managers,WOMEN,Women,TOTAL,Total,2017,2017,PC,Percentage,0,Units,,,32.1,,
OAVG,OECD - Average,EMP10NEW,Share of female managers,WOMEN,Women,TOTAL,Total,2018,2018,PC,Percentage,0,Units,,,32.4,,
